nodes,peers_per_prefix,loss_pct,churn_pct,bootstrap_count,seed,policy,join_rounds,live_bootstrap,provider_found,signal_succeeded,first_provider_ms,lookup_ms,lookup_timed_out,signal_ms,nearest20_found,packets,bytes,peak_pending
64,1,0,0,1,0,Diverse,2,1,true,true,368,1624,false,2016,10,52,17517,3
64,1,0,0,1,0,Unrestricted,2,1,true,true,368,1624,false,2016,10,52,17517,3
64,1,0,0,1,1,Diverse,2,1,true,true,1058,2156,false,2860,12,64,21483,3
64,1,0,0,1,1,Unrestricted,2,1,true,true,1058,2156,false,2860,12,64,21483,3
64,1,0,0,1,2,Diverse,2,1,true,true,818,2040,false,3156,10,54,17988,3
64,1,0,0,1,2,Unrestricted,2,1,true,true,818,2040,false,3156,10,54,17988,3
64,1,0,0,3,0,Diverse,2,3,true,true,368,1868,false,2260,12,60,20161,3
64,1,0,0,3,0,Unrestricted,2,3,true,true,368,1868,false,2260,12,60,20161,3
64,1,0,0,3,1,Diverse,2,3,true,true,848,4150,false,4854,19,120,39991,3
64,1,0,0,3,1,Unrestricted,2,3,true,true,848,4140,false,4844,19,120,39991,3
64,1,0,0,3,2,Diverse,2,3,true,true,392,2542,false,3658,14,74,24598,3
64,1,0,0,3,2,Unrestricted,2,3,true,true,392,2522,false,3638,14,74,24598,3
64,16,0,0,1,0,Diverse,2,1,true,true,368,1818,false,2210,12,60,20161,3
64,16,0,0,1,0,Unrestricted,2,1,true,true,368,1624,false,2016,10,52,17517,3
64,16,0,0,1,1,Diverse,2,1,true,true,1110,2708,false,3412,14,72,24127,3
64,16,0,0,1,1,Unrestricted,2,1,true,true,1058,2156,false,2860,12,64,21483,3
64,16,0,0,1,2,Diverse,2,1,true,true,1136,2978,false,4094,15,74,24598,3
64,16,0,0,1,2,Unrestricted,2,1,true,true,818,2040,false,3156,10,54,17988,3
64,16,0,0,3,0,Diverse,2,3,true,true,368,2324,false,2716,16,76,25449,3
64,16,0,0,3,0,Unrestricted,2,3,true,true,368,1868,false,2260,12,60,20161,3
64,16,0,0,3,1,Diverse,2,3,true,true,848,3672,false,4376,19,108,36025,3
64,16,0,0,3,1,Unrestricted,2,3,true,true,848,4140,false,4844,19,120,39991,3
64,16,0,0,3,2,Diverse,2,3,true,true,392,2778,false,3894,16,82,27242,3
64,16,0,0,3,2,Unrestricted,2,3,true,true,392,2522,false,3638,14,74,24598,3
64,1,10,30,1,0,Diverse,2,1,true,true,368,5092,false,5984,7,57,18609,4
64,1,10,30,1,0,Unrestricted,2,1,true,true,368,5092,false,5984,7,57,18609,4
64,1,10,30,1,1,Diverse,2,1,true,true,1725,6473,false,7177,9,79,25265,6
64,1,10,30,1,1,Unrestricted,2,1,true,true,1725,6473,false,7177,9,79,25265,6
64,1,10,30,1,2,Diverse,2,1,true,true,1318,5458,false,6574,8,58,18544,6
64,1,10,30,1,2,Unrestricted,2,1,true,true,1318,5458,false,6574,8,58,18544,6
64,1,10,30,3,0,Diverse,2,1,true,true,368,5312,false,6204,7,65,20785,6
64,1,10,30,3,0,Unrestricted,2,1,true,true,368,5312,false,6204,7,65,20785,6
64,1,10,30,3,1,Diverse,2,2,true,true,1214,13344,false,14048,17,160,51233,6
64,1,10,30,3,1,Unrestricted,2,2,true,true,1214,11472,false,12176,17,160,51233,6
64,1,10,30,3,2,Diverse,2,3,true,true,392,6878,false,7994,11,81,25800,6
64,1,10,30,3,2,Unrestricted,2,3,true,true,392,6520,false,7636,11,81,25800,6
64,16,10,30,1,0,Diverse,2,1,true,true,368,5528,false,6420,8,65,21019,6
64,16,10,30,1,0,Unrestricted,2,1,true,true,368,5092,false,5984,7,57,18609,4
64,16,10,30,1,1,Diverse,2,1,true,true,1973,6531,false,7235,11,89,28751,6
64,16,10,30,1,1,Unrestricted,2,1,true,true,1725,6473,false,7177,9,79,25265,6
64,16,10,30,1,2,Diverse,2,1,true,true,1636,8115,false,9231,11,82,26072,6
64,16,10,30,1,2,Unrestricted,2,1,true,true,1318,5458,false,6574,8,58,18544,6
64,16,10,30,3,0,Diverse,2,1,true,true,368,7756,false,8648,8,73,23195,6
64,16,10,30,3,0,Unrestricted,2,1,true,true,368,5312,false,6204,7,65,20785,6
64,16,10,30,3,1,Diverse,2,2,true,true,1214,13770,false,14474,16,149,47475,6
64,16,10,30,3,1,Unrestricted,2,2,true,true,1214,11472,false,12176,17,160,51233,6
64,16,10,30,3,2,Diverse,2,3,true,true,392,7160,false,8276,13,90,28716,6
64,16,10,30,3,2,Unrestricted,2,3,true,true,392,6520,false,7636,11,81,25800,6
1024,1,0,0,1,0,Diverse,2,1,true,true,2056,4620,false,5616,18,130,43106,3
1024,1,0,0,1,0,Unrestricted,2,1,true,true,2082,4620,false,5616,17,126,41784,3
1024,1,0,0,1,1,Diverse,2,1,true,true,982,3812,false,4642,19,118,39140,3
1024,1,0,0,1,1,Unrestricted,2,1,true,true,982,3684,false,4514,18,110,36496,3
1024,1,0,0,1,2,Diverse,2,1,true,true,2350,5618,false,6436,18,124,41313,3
1024,1,0,0,1,2,Unrestricted,2,1,true,true,2350,5294,false,6112,17,124,41313,3
1024,1,0,0,3,0,Diverse,2,3,true,true,1226,4484,false,5480,18,138,45750,3
1024,1,0,0,3,0,Unrestricted,2,3,true,true,1362,4284,false,5280,17,134,44428,3
1024,1,0,0,3,1,Diverse,2,3,true,true,938,3604,false,4434,18,118,39140,3
1024,1,0,0,3,1,Unrestricted,2,3,true,true,732,4128,false,4958,18,126,41784,3
1024,1,0,0,3,2,Diverse,2,3,true,true,1124,5258,false,6076,20,144,47923,3
1024,1,0,0,3,2,Unrestricted,2,3,true,true,1124,4840,false,5658,20,136,45279,3
1024,16,0,0,1,0,Diverse,2,1,true,true,2056,4620,false,5616,18,130,43106,3
1024,16,0,0,1,0,Unrestricted,2,1,true,true,2082,4620,false,5616,17,126,41784,3
1024,16,0,0,1,1,Diverse,2,1,true,true,1156,4434,false,5264,18,122,40462,3
1024,16,0,0,1,1,Unrestricted,2,1,true,true,982,3684,false,4514,18,110,36496,3
1024,16,0,0,1,2,Diverse,2,1,true,true,2350,5374,false,6192,19,120,39991,3
1024,16,0,0,1,2,Unrestricted,2,1,true,true,2350,5294,false,6112,17,124,41313,3
1024,16,0,0,3,0,Diverse,2,3,true,true,1226,4484,false,5480,18,138,45750,3
1024,16,0,0,3,0,Unrestricted,2,3,true,true,1362,4284,false,5280,17,134,44428,3
1024,16,0,0,3,1,Diverse,2,3,true,true,938,3604,false,4434,18,118,39140,3
1024,16,0,0,3,1,Unrestricted,2,3,true,true,732,4128,false,4958,18,126,41784,3
1024,16,0,0,3,2,Diverse,2,3,true,true,1124,5052,false,5870,18,136,45279,3
1024,16,0,0,3,2,Unrestricted,2,3,true,true,1124,4840,false,5658,20,136,45279,3
1024,1,10,30,1,0,Diverse,2,0,false,false,,4000,false,,0,4,1088,1
1024,1,10,30,1,0,Unrestricted,2,0,false,false,,4000,false,,0,4,1088,1
1024,1,10,30,1,1,Diverse,2,1,true,true,2276,12368,false,14333,16,172,56117,6
1024,1,10,30,1,1,Unrestricted,2,1,true,true,2276,9972,false,11937,17,159,52113,6
1024,1,10,30,1,2,Diverse,2,1,true,true,2790,19778,false,21940,19,196,62871,6
1024,1,10,30,1,2,Unrestricted,2,1,true,true,3170,14950,false,17112,19,197,63377,6
1024,1,10,30,3,0,Diverse,2,1,true,true,1362,17192,false,18188,15,185,57236,6
1024,1,10,30,3,0,Unrestricted,2,1,true,true,1362,19444,false,20440,14,173,53504,6
1024,1,10,30,3,1,Diverse,2,2,true,true,2186,12684,false,14649,16,182,59071,6
1024,1,10,30,3,1,Unrestricted,2,2,true,true,2186,9560,false,11525,16,153,50013,6
1024,1,10,30,3,2,Diverse,2,2,true,true,1124,8098,false,10260,17,162,52815,6
1024,1,10,30,3,2,Unrestricted,2,2,true,true,1124,8818,false,10980,18,169,55123,6
1024,16,10,30,1,0,Diverse,2,0,false,false,,4000,false,,0,4,1088,1
1024,16,10,30,1,0,Unrestricted,2,0,false,false,,4000,false,,0,4,1088,1
1024,16,10,30,1,1,Diverse,2,1,true,true,2276,11696,false,13661,16,164,53707,6
1024,16,10,30,1,1,Unrestricted,2,1,true,true,2276,9972,false,11937,17,159,52113,6
1024,16,10,30,1,2,Diverse,2,1,true,true,2790,26090,false,28437,18,193,61956,6
1024,16,10,30,1,2,Unrestricted,2,1,true,true,3170,14950,false,17112,19,197,63377,6
1024,16,10,30,3,0,Diverse,2,1,true,true,1362,17192,false,18188,15,185,57236,6
1024,16,10,30,3,0,Unrestricted,2,1,true,true,1362,19444,false,20440,14,173,53504,6
1024,16,10,30,3,1,Diverse,2,2,true,true,2186,12610,false,14575,16,178,57749,6
1024,16,10,30,3,1,Unrestricted,2,2,true,true,2186,9560,false,11525,16,153,50013,6
1024,16,10,30,3,2,Diverse,2,2,true,true,1124,8098,false,10260,15,153,49899,6
1024,16,10,30,3,2,Unrestricted,2,2,true,true,1124,8818,false,10980,18,169,55123,6
