scenario,seed,policy,operation_succeeded,claims,observed,elapsed_ms,packets,bytes,dropped,peak_pending,caller_contacts,caller_routes
referral_honest_seed,0,Diverse,true,0,1,171,4,1217,0,1,1,1
referral_independent_seed,0,Diverse,true,0,1,1126,84,27657,0,3,21,21
referral_captured_seed,0,Diverse,false,0,0,1181,84,27762,0,3,21,21
seed_outside_frontier,0,Diverse,true,33,1,1609,132,33537,0,3,33,33
identity_ip,0,Diverse,true,48,1,6894,192,45312,0,1,48,1
identity_prefix,0,Diverse,true,48,8,6894,192,45312,0,1,48,8
identity_spread,0,Diverse,true,48,42,6894,192,45312,0,1,48,42
referral_honest_seed,0,Unrestricted,true,0,1,171,4,1217,0,1,1,1
referral_independent_seed,0,Unrestricted,true,0,1,1126,84,27657,0,3,21,21
referral_captured_seed,0,Unrestricted,false,0,0,1181,84,27762,0,3,21,21
seed_outside_frontier,0,Unrestricted,false,33,0,1036,80,20200,0,3,20,20
identity_ip,0,Unrestricted,true,48,42,6894,192,45312,0,1,48,42
identity_prefix,0,Unrestricted,true,48,42,6894,192,45312,0,1,48,42
identity_spread,0,Unrestricted,true,48,42,6894,192,45312,0,1,48,42
signal_0_blackholes,0,Diverse,true,3,1,427,14,5048,0,2,1,1
storage_0_discarders,0,Diverse,true,3,3,772,24,4878,0,3,3,3
signal_1_blackholes,0,Diverse,true,3,1,4108,22,8704,4,3,2,2
storage_1_discarders,0,Diverse,true,3,2,772,24,4810,0,3,3,3
signal_2_blackholes,0,Diverse,true,3,1,6101,30,12360,8,4,3,3
storage_2_discarders,0,Diverse,true,3,1,772,24,4742,0,3,3,3
signal_3_blackholes,0,Diverse,false,3,0,20000,24,10968,12,3,3,3
storage_3_discarders,0,Diverse,false,3,0,772,24,4674,0,3,3,3
referral_honest_seed,1,Diverse,true,0,1,145,4,1217,0,1,1,1
referral_independent_seed,1,Diverse,true,0,1,1166,92,30301,0,3,23,23
referral_captured_seed,1,Diverse,false,0,0,1230,88,29084,0,3,22,22
seed_outside_frontier,1,Diverse,true,33,1,1684,132,33537,0,3,33,33
identity_ip,1,Diverse,true,48,1,7040,192,45312,0,1,48,1
identity_prefix,1,Diverse,true,48,8,7040,192,45312,0,1,48,8
identity_spread,1,Diverse,true,48,40,7040,192,45312,0,1,48,40
referral_honest_seed,1,Unrestricted,true,0,1,145,4,1217,0,1,1,1
referral_independent_seed,1,Unrestricted,true,0,1,1166,92,30301,0,3,23,23
referral_captured_seed,1,Unrestricted,false,0,0,1230,88,29084,0,3,22,22
seed_outside_frontier,1,Unrestricted,false,33,0,1004,80,20200,0,3,20,20
identity_ip,1,Unrestricted,true,48,40,7040,192,45312,0,1,48,40
identity_prefix,1,Unrestricted,true,48,40,7040,192,45312,0,1,48,40
identity_spread,1,Unrestricted,true,48,40,7040,192,45312,0,1,48,40
signal_0_blackholes,1,Diverse,true,3,1,423,14,5048,0,3,1,1
storage_0_discarders,1,Diverse,true,3,3,815,24,4878,0,3,3,3
signal_1_blackholes,1,Diverse,true,3,1,4113,22,8704,4,4,2,2
storage_1_discarders,1,Diverse,true,3,2,815,24,4810,0,3,3,3
signal_2_blackholes,1,Diverse,true,3,1,6125,30,12360,8,4,3,3
storage_2_discarders,1,Diverse,true,3,1,815,24,4742,0,3,3,3
signal_3_blackholes,1,Diverse,false,3,0,20000,24,10968,12,4,3,3
storage_3_discarders,1,Diverse,false,3,0,815,24,4674,0,3,3,3
referral_honest_seed,2,Diverse,true,0,1,183,4,1217,0,1,1,1
referral_independent_seed,2,Diverse,true,0,1,1093,80,26335,0,3,20,20
referral_captured_seed,2,Diverse,false,0,0,1166,80,26440,0,3,20,20
seed_outside_frontier,2,Diverse,true,33,1,1627,132,33537,0,3,33,32
identity_ip,2,Diverse,true,48,1,7088,192,45312,0,1,48,1
identity_prefix,2,Diverse,true,48,8,7088,192,45312,0,1,48,8
identity_spread,2,Diverse,true,48,39,7088,192,45312,0,1,48,39
referral_honest_seed,2,Unrestricted,true,0,1,183,4,1217,0,1,1,1
referral_independent_seed,2,Unrestricted,true,0,1,1093,80,26335,0,3,20,20
referral_captured_seed,2,Unrestricted,false,0,0,1166,80,26440,0,3,20,20
seed_outside_frontier,2,Unrestricted,false,33,0,1007,80,20200,0,3,20,20
identity_ip,2,Unrestricted,true,48,39,7088,192,45312,0,1,48,39
identity_prefix,2,Unrestricted,true,48,39,7088,192,45312,0,1,48,39
identity_spread,2,Unrestricted,true,48,39,7088,192,45312,0,1,48,39
signal_0_blackholes,2,Diverse,true,3,1,442,14,5048,0,2,1,1
storage_0_discarders,2,Diverse,true,3,3,774,24,4878,0,3,3,3
signal_1_blackholes,2,Diverse,true,3,1,4119,22,8704,4,4,2,2
storage_1_discarders,2,Diverse,true,3,2,774,24,4810,0,3,3,3
signal_2_blackholes,2,Diverse,true,3,1,6119,30,12360,8,4,3,3
storage_2_discarders,2,Diverse,true,3,1,774,24,4742,0,3,3,3
signal_3_blackholes,2,Diverse,false,3,0,20000,24,10968,12,4,3,3
storage_3_discarders,2,Diverse,false,3,0,774,24,4674,0,3,3,3
referral_honest_seed,3,Diverse,true,0,1,153,4,1217,0,1,1,1
referral_independent_seed,3,Diverse,true,0,1,1038,80,26335,0,3,20,20
referral_captured_seed,3,Diverse,false,0,0,1162,80,26440,0,3,20,20
seed_outside_frontier,3,Diverse,true,33,1,1707,132,33537,0,3,33,33
identity_ip,3,Diverse,true,48,1,7039,192,45312,0,1,48,1
identity_prefix,3,Diverse,true,48,8,7039,192,45312,0,1,48,8
identity_spread,3,Diverse,true,48,47,7039,192,45312,0,1,48,47
referral_honest_seed,3,Unrestricted,true,0,1,153,4,1217,0,1,1,1
referral_independent_seed,3,Unrestricted,true,0,1,1038,80,26335,0,3,20,20
referral_captured_seed,3,Unrestricted,false,0,0,1162,80,26440,0,3,20,20
seed_outside_frontier,3,Unrestricted,false,33,0,1014,80,20200,0,3,20,20
identity_ip,3,Unrestricted,true,48,47,7039,192,45312,0,1,48,47
identity_prefix,3,Unrestricted,true,48,47,7039,192,45312,0,1,48,47
identity_spread,3,Unrestricted,true,48,47,7039,192,45312,0,1,48,47
signal_0_blackholes,3,Diverse,true,3,1,369,14,5048,0,2,1,1
storage_0_discarders,3,Diverse,true,3,3,776,24,4878,0,3,3,3
signal_1_blackholes,3,Diverse,true,3,1,4108,22,8704,4,3,2,2
storage_1_discarders,3,Diverse,true,3,2,776,24,4810,0,3,3,3
signal_2_blackholes,3,Diverse,true,3,1,6113,30,12360,8,3,3,3
storage_2_discarders,3,Diverse,true,3,1,776,24,4742,0,3,3,3
signal_3_blackholes,3,Diverse,false,3,0,20000,24,10968,12,3,3,3
storage_3_discarders,3,Diverse,false,3,0,776,24,4674,0,3,3,3
referral_honest_seed,4,Diverse,true,0,1,152,4,1217,0,1,1,1
referral_independent_seed,4,Diverse,true,0,1,1111,84,27657,0,3,21,21
referral_captured_seed,4,Diverse,false,0,0,1208,84,27762,0,3,21,21
seed_outside_frontier,4,Diverse,true,33,1,1716,132,33537,0,3,33,33
identity_ip,4,Diverse,true,48,1,7171,192,45312,0,1,48,1
identity_prefix,4,Diverse,true,48,8,7171,192,45312,0,1,48,8
identity_spread,4,Diverse,true,48,41,7171,192,45312,0,1,48,41
referral_honest_seed,4,Unrestricted,true,0,1,152,4,1217,0,1,1,1
referral_independent_seed,4,Unrestricted,true,0,1,1111,84,27657,0,3,21,21
referral_captured_seed,4,Unrestricted,false,0,0,1208,84,27762,0,3,21,21
seed_outside_frontier,4,Unrestricted,false,33,0,1052,80,20200,0,3,20,20
identity_ip,4,Unrestricted,true,48,41,7171,192,45312,0,1,48,41
identity_prefix,4,Unrestricted,true,48,41,7171,192,45312,0,1,48,41
identity_spread,4,Unrestricted,true,48,41,7171,192,45312,0,1,48,41
signal_0_blackholes,4,Diverse,true,3,1,395,14,5048,0,2,1,1
storage_0_discarders,4,Diverse,true,3,3,743,24,4878,0,3,3,3
signal_1_blackholes,4,Diverse,true,3,1,4108,22,8704,4,3,2,2
storage_1_discarders,4,Diverse,true,3,2,743,24,4810,0,3,3,3
signal_2_blackholes,4,Diverse,true,3,1,6120,30,12360,8,4,3,3
storage_2_discarders,4,Diverse,true,3,1,743,24,4742,0,3,3,3
signal_3_blackholes,4,Diverse,false,3,0,20000,24,10968,12,4,3,3
storage_3_discarders,4,Diverse,false,3,0,743,24,4674,0,3,3,3
referral_honest_seed,5,Diverse,true,0,1,134,4,1217,0,1,1,1
referral_independent_seed,5,Diverse,true,0,1,1073,80,26335,0,3,20,20
referral_captured_seed,5,Diverse,false,0,0,1207,80,26440,0,3,20,20
seed_outside_frontier,5,Diverse,true,33,1,1696,132,33537,0,3,33,30
identity_ip,5,Diverse,true,48,1,7067,192,45312,0,1,48,1
identity_prefix,5,Diverse,true,48,8,7067,192,45312,0,1,48,8
identity_spread,5,Diverse,true,48,39,7067,192,45312,0,1,48,39
referral_honest_seed,5,Unrestricted,true,0,1,134,4,1217,0,1,1,1
referral_independent_seed,5,Unrestricted,true,0,1,1073,80,26335,0,3,20,20
referral_captured_seed,5,Unrestricted,false,0,0,1207,80,26440,0,3,20,20
seed_outside_frontier,5,Unrestricted,false,33,0,1045,80,20200,0,3,20,20
identity_ip,5,Unrestricted,true,48,39,7067,192,45312,0,1,48,39
identity_prefix,5,Unrestricted,true,48,39,7067,192,45312,0,1,48,39
identity_spread,5,Unrestricted,true,48,39,7067,192,45312,0,1,48,39
signal_0_blackholes,5,Diverse,true,3,1,406,14,5048,0,3,1,1
storage_0_discarders,5,Diverse,true,3,3,751,24,4878,0,3,3,3
signal_1_blackholes,5,Diverse,true,3,1,4112,22,8704,4,4,2,2
storage_1_discarders,5,Diverse,true,3,2,751,24,4810,0,3,3,3
signal_2_blackholes,5,Diverse,true,3,1,6112,30,12360,8,4,3,3
storage_2_discarders,5,Diverse,true,3,1,751,24,4742,0,3,3,3
signal_3_blackholes,5,Diverse,false,3,0,20000,24,10968,12,3,3,3
storage_3_discarders,5,Diverse,false,3,0,751,24,4674,0,3,3,3
referral_honest_seed,6,Diverse,true,0,1,154,4,1217,0,1,1,1
referral_independent_seed,6,Diverse,true,0,1,1229,92,30301,0,3,23,23
referral_captured_seed,6,Diverse,false,0,0,1232,88,29084,0,3,22,22
seed_outside_frontier,6,Diverse,true,33,1,1625,132,33537,0,3,33,33
identity_ip,6,Diverse,true,48,1,6878,192,45312,0,1,48,1
identity_prefix,6,Diverse,true,48,8,6878,192,45312,0,1,48,8
identity_spread,6,Diverse,true,48,43,6878,192,45312,0,1,48,43
referral_honest_seed,6,Unrestricted,true,0,1,154,4,1217,0,1,1,1
referral_independent_seed,6,Unrestricted,true,0,1,1229,92,30301,0,3,23,23
referral_captured_seed,6,Unrestricted,false,0,0,1232,88,29084,0,3,22,22
seed_outside_frontier,6,Unrestricted,false,33,0,1053,80,20200,0,3,20,20
identity_ip,6,Unrestricted,true,48,43,6878,192,45312,0,1,48,43
identity_prefix,6,Unrestricted,true,48,43,6878,192,45312,0,1,48,43
identity_spread,6,Unrestricted,true,48,43,6878,192,45312,0,1,48,43
signal_0_blackholes,6,Diverse,true,3,1,459,14,5048,0,2,1,1
storage_0_discarders,6,Diverse,true,3,3,792,24,4878,0,3,3,3
signal_1_blackholes,6,Diverse,true,3,1,4135,22,8704,4,4,2,2
storage_1_discarders,6,Diverse,true,3,2,792,24,4810,0,3,3,3
signal_2_blackholes,6,Diverse,true,3,1,6126,30,12360,8,4,3,3
storage_2_discarders,6,Diverse,true,3,1,792,24,4742,0,3,3,3
signal_3_blackholes,6,Diverse,false,3,0,20000,24,10968,12,4,3,3
storage_3_discarders,6,Diverse,false,3,0,792,24,4674,0,3,3,3
referral_honest_seed,7,Diverse,true,0,1,150,4,1217,0,1,1,1
referral_independent_seed,7,Diverse,true,0,1,1185,88,28979,0,3,22,22
referral_captured_seed,7,Diverse,false,0,0,1196,84,27762,0,3,21,21
seed_outside_frontier,7,Diverse,true,33,1,1627,132,33537,0,3,33,33
identity_ip,7,Diverse,true,48,1,6942,192,45312,0,1,48,1
identity_prefix,7,Diverse,true,48,8,6942,192,45312,0,1,48,8
identity_spread,7,Diverse,true,48,46,6942,192,45312,0,1,48,46
referral_honest_seed,7,Unrestricted,true,0,1,150,4,1217,0,1,1,1
referral_independent_seed,7,Unrestricted,true,0,1,1185,88,28979,0,3,22,22
referral_captured_seed,7,Unrestricted,false,0,0,1196,84,27762,0,3,21,21
seed_outside_frontier,7,Unrestricted,false,33,0,1036,80,20200,0,3,20,20
identity_ip,7,Unrestricted,true,48,46,6942,192,45312,0,1,48,46
identity_prefix,7,Unrestricted,true,48,46,6942,192,45312,0,1,48,46
identity_spread,7,Unrestricted,true,48,46,6942,192,45312,0,1,48,46
signal_0_blackholes,7,Diverse,true,3,1,447,14,5048,0,2,1,1
storage_0_discarders,7,Diverse,true,3,3,772,24,4878,0,3,3,3
signal_1_blackholes,7,Diverse,true,3,1,4115,22,8704,4,3,2,2
storage_1_discarders,7,Diverse,true,3,2,772,24,4810,0,3,3,3
signal_2_blackholes,7,Diverse,true,3,1,6127,30,12360,8,4,3,3
storage_2_discarders,7,Diverse,true,3,1,772,24,4742,0,3,3,3
signal_3_blackholes,7,Diverse,false,3,0,20000,24,10968,12,4,3,3
storage_3_discarders,7,Diverse,false,3,0,772,24,4674,0,3,3,3
referral_honest_seed,8,Diverse,true,0,1,141,4,1217,0,1,1,1
referral_independent_seed,8,Diverse,true,0,1,1038,80,26335,0,3,20,20
referral_captured_seed,8,Diverse,false,0,0,1123,80,26440,0,3,20,20
seed_outside_frontier,8,Diverse,true,33,1,1674,132,33537,0,3,33,33
identity_ip,8,Diverse,true,48,1,7104,192,45312,0,1,48,1
identity_prefix,8,Diverse,true,48,8,7104,192,45312,0,1,48,8
identity_spread,8,Diverse,true,48,46,7104,192,45312,0,1,48,46
referral_honest_seed,8,Unrestricted,true,0,1,141,4,1217,0,1,1,1
referral_independent_seed,8,Unrestricted,true,0,1,1038,80,26335,0,3,20,20
referral_captured_seed,8,Unrestricted,false,0,0,1123,80,26440,0,3,20,20
seed_outside_frontier,8,Unrestricted,false,33,0,1043,80,20200,0,3,20,20
identity_ip,8,Unrestricted,true,48,46,7104,192,45312,0,1,48,46
identity_prefix,8,Unrestricted,true,48,46,7104,192,45312,0,1,48,46
identity_spread,8,Unrestricted,true,48,46,7104,192,45312,0,1,48,46
signal_0_blackholes,8,Diverse,true,3,1,378,14,5048,0,2,1,1
storage_0_discarders,8,Diverse,true,3,3,769,24,4878,0,3,3,3
signal_1_blackholes,8,Diverse,true,3,1,4110,22,8704,4,4,2,2
storage_1_discarders,8,Diverse,true,3,2,769,24,4810,0,3,3,3
signal_2_blackholes,8,Diverse,true,3,1,6122,30,12360,8,4,3,3
storage_2_discarders,8,Diverse,true,3,1,769,24,4742,0,3,3,3
signal_3_blackholes,8,Diverse,false,3,0,20000,24,10968,12,4,3,3
storage_3_discarders,8,Diverse,false,3,0,769,24,4674,0,3,3,3
referral_honest_seed,9,Diverse,true,0,1,164,4,1217,0,1,1,1
referral_independent_seed,9,Diverse,true,0,1,1155,88,28979,0,3,22,22
referral_captured_seed,9,Diverse,false,0,0,1230,84,27762,0,3,21,21
seed_outside_frontier,9,Diverse,true,33,1,1648,132,33537,0,3,33,33
identity_ip,9,Diverse,true,48,1,7174,192,45312,0,1,48,1
identity_prefix,9,Diverse,true,48,8,7174,192,45312,0,1,48,8
identity_spread,9,Diverse,true,48,48,7174,192,45312,0,1,48,48
referral_honest_seed,9,Unrestricted,true,0,1,164,4,1217,0,1,1,1
referral_independent_seed,9,Unrestricted,true,0,1,1155,88,28979,0,3,22,22
referral_captured_seed,9,Unrestricted,false,0,0,1230,84,27762,0,3,21,21
seed_outside_frontier,9,Unrestricted,false,33,0,1045,80,20200,0,3,20,20
identity_ip,9,Unrestricted,true,48,48,7174,192,45312,0,1,48,48
identity_prefix,9,Unrestricted,true,48,48,7174,192,45312,0,1,48,48
identity_spread,9,Unrestricted,true,48,48,7174,192,45312,0,1,48,48
signal_0_blackholes,9,Diverse,true,3,1,427,14,5048,0,2,1,1
storage_0_discarders,9,Diverse,true,3,3,748,24,4878,0,3,3,3
signal_1_blackholes,9,Diverse,true,3,1,4093,22,8704,4,4,2,2
storage_1_discarders,9,Diverse,true,3,2,748,24,4810,0,3,3,3
signal_2_blackholes,9,Diverse,true,3,1,6117,30,12360,8,4,3,3
storage_2_discarders,9,Diverse,true,3,1,748,24,4742,0,3,3,3
signal_3_blackholes,9,Diverse,false,3,0,20000,24,10968,12,3,3,3
storage_3_discarders,9,Diverse,false,3,0,748,24,4674,0,3,3,3
referral_honest_seed,10,Diverse,true,0,1,162,4,1217,0,1,1,1
referral_independent_seed,10,Diverse,true,0,1,1041,80,26335,0,3,20,20
referral_captured_seed,10,Diverse,false,0,0,1123,80,26440,0,3,20,20
seed_outside_frontier,10,Diverse,true,33,1,1751,132,33537,0,3,33,33
identity_ip,10,Diverse,true,48,1,7243,192,45312,0,1,48,1
identity_prefix,10,Diverse,true,48,8,7243,192,45312,0,1,48,8
identity_spread,10,Diverse,true,48,44,7243,192,45312,0,1,48,44
referral_honest_seed,10,Unrestricted,true,0,1,162,4,1217,0,1,1,1
referral_independent_seed,10,Unrestricted,true,0,1,1041,80,26335,0,3,20,20
referral_captured_seed,10,Unrestricted,false,0,0,1123,80,26440,0,3,20,20
seed_outside_frontier,10,Unrestricted,false,33,0,1104,80,20200,0,3,20,20
identity_ip,10,Unrestricted,true,48,44,7243,192,45312,0,1,48,44
identity_prefix,10,Unrestricted,true,48,44,7243,192,45312,0,1,48,44
identity_spread,10,Unrestricted,true,48,44,7243,192,45312,0,1,48,44
signal_0_blackholes,10,Diverse,true,3,1,378,14,5048,0,3,1,1
storage_0_discarders,10,Diverse,true,3,3,770,24,4878,0,3,3,3
signal_1_blackholes,10,Diverse,true,3,1,4103,22,8704,4,4,2,2
storage_1_discarders,10,Diverse,true,3,2,770,24,4810,0,3,3,3
signal_2_blackholes,10,Diverse,true,3,1,6111,30,12360,8,4,3,3
storage_2_discarders,10,Diverse,true,3,1,770,24,4742,0,3,3,3
signal_3_blackholes,10,Diverse,false,3,0,20000,24,10968,12,4,3,3
storage_3_discarders,10,Diverse,false,3,0,770,24,4674,0,3,3,3
referral_honest_seed,11,Diverse,true,0,1,143,4,1217,0,1,1,1
referral_independent_seed,11,Diverse,true,0,1,1205,84,27657,0,3,21,21
referral_captured_seed,11,Diverse,false,0,0,1176,80,26440,0,3,20,20
seed_outside_frontier,11,Diverse,true,33,1,1680,132,33537,0,3,33,33
identity_ip,11,Diverse,true,48,1,6892,192,45312,0,1,48,1
identity_prefix,11,Diverse,true,48,8,6892,192,45312,0,1,48,8
identity_spread,11,Diverse,true,48,39,6892,192,45312,0,1,48,39
referral_honest_seed,11,Unrestricted,true,0,1,143,4,1217,0,1,1,1
referral_independent_seed,11,Unrestricted,true,0,1,1205,84,27657,0,3,21,21
referral_captured_seed,11,Unrestricted,false,0,0,1176,80,26440,0,3,20,20
seed_outside_frontier,11,Unrestricted,false,33,0,1039,80,20200,0,3,20,20
identity_ip,11,Unrestricted,true,48,39,6892,192,45312,0,1,48,39
identity_prefix,11,Unrestricted,true,48,39,6892,192,45312,0,1,48,39
identity_spread,11,Unrestricted,true,48,39,6892,192,45312,0,1,48,39
signal_0_blackholes,11,Diverse,true,3,1,426,14,5048,0,2,1,1
storage_0_discarders,11,Diverse,true,3,3,765,24,4878,0,3,3,3
signal_1_blackholes,11,Diverse,true,3,1,4133,22,8704,4,4,2,2
storage_1_discarders,11,Diverse,true,3,2,765,24,4810,0,3,3,3
signal_2_blackholes,11,Diverse,true,3,1,6107,30,12360,8,4,3,3
storage_2_discarders,11,Diverse,true,3,1,765,24,4742,0,3,3,3
signal_3_blackholes,11,Diverse,false,3,0,20000,24,10968,12,4,3,3
storage_3_discarders,11,Diverse,false,3,0,765,24,4674,0,3,3,3
referral_honest_seed,12,Diverse,true,0,1,150,4,1217,0,1,1,1
referral_independent_seed,12,Diverse,true,0,1,1149,84,27657,0,3,21,21
referral_captured_seed,12,Diverse,false,0,0,1175,80,26440,0,3,20,20
seed_outside_frontier,12,Diverse,true,33,1,1630,132,33537,0,3,33,33
identity_ip,12,Diverse,true,48,1,6991,192,45312,0,1,48,1
identity_prefix,12,Diverse,true,48,8,6991,192,45312,0,1,48,8
identity_spread,12,Diverse,true,48,45,6991,192,45312,0,1,48,45
referral_honest_seed,12,Unrestricted,true,0,1,150,4,1217,0,1,1,1
referral_independent_seed,12,Unrestricted,true,0,1,1149,84,27657,0,3,21,21
referral_captured_seed,12,Unrestricted,false,0,0,1175,80,26440,0,3,20,20
seed_outside_frontier,12,Unrestricted,false,33,0,1034,80,20200,0,3,20,20
identity_ip,12,Unrestricted,true,48,45,6991,192,45312,0,1,48,45
identity_prefix,12,Unrestricted,true,48,45,6991,192,45312,0,1,48,45
identity_spread,12,Unrestricted,true,48,45,6991,192,45312,0,1,48,45
signal_0_blackholes,12,Diverse,true,3,1,400,14,5048,0,3,1,1
storage_0_discarders,12,Diverse,true,3,3,723,24,4878,0,3,3,3
signal_1_blackholes,12,Diverse,true,3,1,4096,22,8704,4,4,2,2
storage_1_discarders,12,Diverse,true,3,2,723,24,4810,0,3,3,3
signal_2_blackholes,12,Diverse,true,3,1,6109,30,12360,8,4,3,3
storage_2_discarders,12,Diverse,true,3,1,723,24,4742,0,3,3,3
signal_3_blackholes,12,Diverse,false,3,0,20000,24,10968,12,4,3,3
storage_3_discarders,12,Diverse,false,3,0,723,24,4674,0,3,3,3
referral_honest_seed,13,Diverse,true,0,1,155,4,1217,0,1,1,1
referral_independent_seed,13,Diverse,true,0,1,1169,84,27657,0,3,21,21
referral_captured_seed,13,Diverse,false,0,0,1133,80,26440,0,3,20,20
seed_outside_frontier,13,Diverse,true,33,1,1677,132,33537,0,3,33,33
identity_ip,13,Diverse,true,48,1,7261,192,45312,0,1,48,1
identity_prefix,13,Diverse,true,48,8,7261,192,45312,0,1,48,8
identity_spread,13,Diverse,true,48,43,7261,192,45312,0,1,48,43
referral_honest_seed,13,Unrestricted,true,0,1,155,4,1217,0,1,1,1
referral_independent_seed,13,Unrestricted,true,0,1,1169,84,27657,0,3,21,21
referral_captured_seed,13,Unrestricted,false,0,0,1133,80,26440,0,3,20,20
seed_outside_frontier,13,Unrestricted,false,33,0,993,80,20200,0,3,20,20
identity_ip,13,Unrestricted,true,48,43,7261,192,45312,0,1,48,43
identity_prefix,13,Unrestricted,true,48,43,7261,192,45312,0,1,48,43
identity_spread,13,Unrestricted,true,48,43,7261,192,45312,0,1,48,43
signal_0_blackholes,13,Diverse,true,3,1,423,14,5048,0,2,1,1
storage_0_discarders,13,Diverse,true,3,3,747,24,4878,0,3,3,3
signal_1_blackholes,13,Diverse,true,3,1,4112,22,8704,4,3,2,2
storage_1_discarders,13,Diverse,true,3,2,747,24,4810,0,3,3,3
signal_2_blackholes,13,Diverse,true,3,1,6095,30,12360,8,4,3,3
storage_2_discarders,13,Diverse,true,3,1,747,24,4742,0,3,3,3
signal_3_blackholes,13,Diverse,false,3,0,20000,24,10968,12,4,3,3
storage_3_discarders,13,Diverse,false,3,0,747,24,4674,0,3,3,3
referral_honest_seed,14,Diverse,true,0,1,162,4,1217,0,1,1,1
referral_independent_seed,14,Diverse,true,0,1,1080,84,27657,0,3,21,21
referral_captured_seed,14,Diverse,false,0,0,1158,84,27762,0,3,21,21
seed_outside_frontier,14,Diverse,true,33,1,1689,132,33537,0,3,33,33
identity_ip,14,Diverse,true,48,1,7101,192,45312,0,1,48,1
identity_prefix,14,Diverse,true,48,8,7101,192,45312,0,1,48,8
identity_spread,14,Diverse,true,48,43,7101,192,45312,0,1,48,43
referral_honest_seed,14,Unrestricted,true,0,1,162,4,1217,0,1,1,1
referral_independent_seed,14,Unrestricted,true,0,1,1080,84,27657,0,3,21,21
referral_captured_seed,14,Unrestricted,false,0,0,1158,84,27762,0,3,21,21
seed_outside_frontier,14,Unrestricted,false,33,0,1051,80,20200,0,3,20,20
identity_ip,14,Unrestricted,true,48,43,7101,192,45312,0,1,48,43
identity_prefix,14,Unrestricted,true,48,43,7101,192,45312,0,1,48,43
identity_spread,14,Unrestricted,true,48,43,7101,192,45312,0,1,48,43
signal_0_blackholes,14,Diverse,true,3,1,435,14,5048,0,2,1,1
storage_0_discarders,14,Diverse,true,3,3,750,24,4878,0,3,3,3
signal_1_blackholes,14,Diverse,true,3,1,4106,22,8704,4,4,2,2
storage_1_discarders,14,Diverse,true,3,2,750,24,4810,0,3,3,3
signal_2_blackholes,14,Diverse,true,3,1,6116,30,12360,8,4,3,3
storage_2_discarders,14,Diverse,true,3,1,750,24,4742,0,3,3,3
signal_3_blackholes,14,Diverse,false,3,0,20000,24,10968,12,4,3,3
storage_3_discarders,14,Diverse,false,3,0,750,24,4674,0,3,3,3
referral_honest_seed,15,Diverse,true,0,1,122,4,1217,0,1,1,1
referral_independent_seed,15,Diverse,true,0,1,1022,80,26335,0,3,20,20
referral_captured_seed,15,Diverse,false,0,0,1097,80,26440,0,3,20,20
seed_outside_frontier,15,Diverse,true,33,1,1646,132,33537,0,3,33,33
identity_ip,15,Diverse,true,48,1,7152,192,45312,0,1,48,1
identity_prefix,15,Diverse,true,48,8,7152,192,45312,0,1,48,8
identity_spread,15,Diverse,true,48,41,7152,192,45312,0,1,48,41
referral_honest_seed,15,Unrestricted,true,0,1,122,4,1217,0,1,1,1
referral_independent_seed,15,Unrestricted,true,0,1,1022,80,26335,0,3,20,20
referral_captured_seed,15,Unrestricted,false,0,0,1097,80,26440,0,3,20,20
seed_outside_frontier,15,Unrestricted,false,33,0,1024,80,20200,0,3,20,20
identity_ip,15,Unrestricted,true,48,41,7152,192,45312,0,1,48,41
identity_prefix,15,Unrestricted,true,48,41,7152,192,45312,0,1,48,41
identity_spread,15,Unrestricted,true,48,41,7152,192,45312,0,1,48,41
signal_0_blackholes,15,Diverse,true,3,1,457,14,5048,0,2,1,1
storage_0_discarders,15,Diverse,true,3,3,760,24,4878,0,3,3,3
signal_1_blackholes,15,Diverse,true,3,1,4125,22,8704,4,3,2,2
storage_1_discarders,15,Diverse,true,3,2,760,24,4810,0,3,3,3
signal_2_blackholes,15,Diverse,true,3,1,6109,30,12360,8,4,3,3
storage_2_discarders,15,Diverse,true,3,1,760,24,4742,0,3,3,3
signal_3_blackholes,15,Diverse,false,3,0,20000,24,10968,12,3,3,3
storage_3_discarders,15,Diverse,false,3,0,760,24,4674,0,3,3,3
referral_honest_seed,16,Diverse,true,0,1,160,4,1217,0,1,1,1
referral_independent_seed,16,Diverse,true,0,1,1200,88,28979,0,3,22,22
referral_captured_seed,16,Diverse,false,0,0,1179,84,27762,0,3,21,21
seed_outside_frontier,16,Diverse,true,33,1,1643,132,33537,0,3,33,33
identity_ip,16,Diverse,true,48,1,7172,192,45312,0,1,48,1
identity_prefix,16,Diverse,true,48,8,7172,192,45312,0,1,48,8
identity_spread,16,Diverse,true,48,43,7172,192,45312,0,1,48,43
referral_honest_seed,16,Unrestricted,true,0,1,160,4,1217,0,1,1,1
referral_independent_seed,16,Unrestricted,true,0,1,1200,88,28979,0,3,22,22
referral_captured_seed,16,Unrestricted,false,0,0,1179,84,27762,0,3,21,21
seed_outside_frontier,16,Unrestricted,false,33,0,1032,80,20200,0,3,20,20
identity_ip,16,Unrestricted,true,48,43,7172,192,45312,0,1,48,43
identity_prefix,16,Unrestricted,true,48,43,7172,192,45312,0,1,48,43
identity_spread,16,Unrestricted,true,48,43,7172,192,45312,0,1,48,43
signal_0_blackholes,16,Diverse,true,3,1,461,14,5048,0,2,1,1
storage_0_discarders,16,Diverse,true,3,3,809,24,4878,0,3,3,3
signal_1_blackholes,16,Diverse,true,3,1,4123,22,8704,4,3,2,2
storage_1_discarders,16,Diverse,true,3,2,809,24,4810,0,3,3,3
signal_2_blackholes,16,Diverse,true,3,1,6132,30,12360,8,4,3,3
storage_2_discarders,16,Diverse,true,3,1,809,24,4742,0,3,3,3
signal_3_blackholes,16,Diverse,false,3,0,20000,24,10968,12,4,3,3
storage_3_discarders,16,Diverse,false,3,0,809,24,4674,0,3,3,3
referral_honest_seed,17,Diverse,true,0,1,173,4,1217,0,1,1,1
referral_independent_seed,17,Diverse,true,0,1,1199,84,27657,0,3,21,21
referral_captured_seed,17,Diverse,false,0,0,1174,84,27762,0,3,21,21
seed_outside_frontier,17,Diverse,true,33,1,1648,132,33537,0,3,33,33
identity_ip,17,Diverse,true,48,1,7029,192,45312,0,1,48,1
identity_prefix,17,Diverse,true,48,8,7029,192,45312,0,1,48,8
identity_spread,17,Diverse,true,48,46,7029,192,45312,0,1,48,46
referral_honest_seed,17,Unrestricted,true,0,1,173,4,1217,0,1,1,1
referral_independent_seed,17,Unrestricted,true,0,1,1199,84,27657,0,3,21,21
referral_captured_seed,17,Unrestricted,false,0,0,1174,84,27762,0,3,21,21
seed_outside_frontier,17,Unrestricted,false,33,0,1026,80,20200,0,3,20,20
identity_ip,17,Unrestricted,true,48,46,7029,192,45312,0,1,48,46
identity_prefix,17,Unrestricted,true,48,46,7029,192,45312,0,1,48,46
identity_spread,17,Unrestricted,true,48,46,7029,192,45312,0,1,48,46
signal_0_blackholes,17,Diverse,true,3,1,358,14,5048,0,3,1,1
storage_0_discarders,17,Diverse,true,3,3,756,24,4878,0,3,3,3
signal_1_blackholes,17,Diverse,true,3,1,4094,22,8704,4,4,2,2
storage_1_discarders,17,Diverse,true,3,2,756,24,4810,0,3,3,3
signal_2_blackholes,17,Diverse,true,3,1,6092,30,12360,8,4,3,3
storage_2_discarders,17,Diverse,true,3,1,756,24,4742,0,3,3,3
signal_3_blackholes,17,Diverse,false,3,0,20000,24,10968,12,3,3,3
storage_3_discarders,17,Diverse,false,3,0,756,24,4674,0,3,3,3
referral_honest_seed,18,Diverse,true,0,1,142,4,1217,0,1,1,1
referral_independent_seed,18,Diverse,true,0,1,1128,84,27657,0,3,21,21
referral_captured_seed,18,Diverse,false,0,0,1125,80,26440,0,3,20,20
seed_outside_frontier,18,Diverse,true,33,1,1667,132,33537,0,3,33,33
identity_ip,18,Diverse,true,48,1,7177,192,45312,0,1,48,1
identity_prefix,18,Diverse,true,48,8,7177,192,45312,0,1,48,8
identity_spread,18,Diverse,true,48,44,7177,192,45312,0,1,48,44
referral_honest_seed,18,Unrestricted,true,0,1,142,4,1217,0,1,1,1
referral_independent_seed,18,Unrestricted,true,0,1,1128,84,27657,0,3,21,21
referral_captured_seed,18,Unrestricted,false,0,0,1125,80,26440,0,3,20,20
seed_outside_frontier,18,Unrestricted,false,33,0,1027,80,20200,0,3,20,20
identity_ip,18,Unrestricted,true,48,44,7177,192,45312,0,1,48,44
identity_prefix,18,Unrestricted,true,48,44,7177,192,45312,0,1,48,44
identity_spread,18,Unrestricted,true,48,44,7177,192,45312,0,1,48,44
signal_0_blackholes,18,Diverse,true,3,1,450,14,5048,0,3,1,1
storage_0_discarders,18,Diverse,true,3,3,760,24,4878,0,3,3,3
signal_1_blackholes,18,Diverse,true,3,1,4121,22,8704,4,4,2,2
storage_1_discarders,18,Diverse,true,3,2,760,24,4810,0,3,3,3
signal_2_blackholes,18,Diverse,true,3,1,6091,30,12360,8,4,3,3
storage_2_discarders,18,Diverse,true,3,1,760,24,4742,0,3,3,3
signal_3_blackholes,18,Diverse,false,3,0,20000,24,10968,12,4,3,3
storage_3_discarders,18,Diverse,false,3,0,760,24,4674,0,3,3,3
referral_honest_seed,19,Diverse,true,0,1,167,4,1217,0,1,1,1
referral_independent_seed,19,Diverse,true,0,1,1064,80,26335,0,3,20,20
referral_captured_seed,19,Diverse,false,0,0,1110,80,26440,0,3,20,20
seed_outside_frontier,19,Diverse,true,33,1,1688,132,33537,0,3,33,33
identity_ip,19,Diverse,true,48,1,7320,192,45312,0,1,48,1
identity_prefix,19,Diverse,true,48,8,7320,192,45312,0,1,48,8
identity_spread,19,Diverse,true,48,40,7320,192,45312,0,1,48,40
referral_honest_seed,19,Unrestricted,true,0,1,167,4,1217,0,1,1,1
referral_independent_seed,19,Unrestricted,true,0,1,1064,80,26335,0,3,20,20
referral_captured_seed,19,Unrestricted,false,0,0,1110,80,26440,0,3,20,20
seed_outside_frontier,19,Unrestricted,false,33,0,1060,80,20200,0,3,20,20
identity_ip,19,Unrestricted,true,48,40,7320,192,45312,0,1,48,40
identity_prefix,19,Unrestricted,true,48,40,7320,192,45312,0,1,48,40
identity_spread,19,Unrestricted,true,48,40,7320,192,45312,0,1,48,40
signal_0_blackholes,19,Diverse,true,3,1,428,14,5048,0,3,1,1
storage_0_discarders,19,Diverse,true,3,3,774,24,4878,0,3,3,3
signal_1_blackholes,19,Diverse,true,3,1,4111,22,8704,4,4,2,2
storage_1_discarders,19,Diverse,true,3,2,774,24,4810,0,3,3,3
signal_2_blackholes,19,Diverse,true,3,1,6109,30,12360,8,4,3,3
storage_2_discarders,19,Diverse,true,3,1,774,24,4742,0,3,3,3
signal_3_blackholes,19,Diverse,false,3,0,20000,24,10968,12,4,3,3
storage_3_discarders,19,Diverse,false,3,0,774,24,4674,0,3,3,3
