scenario,loss_pct,mode,seed,success,elapsed_ms,packets,bytes,incoming_events
healthy,0,single,0,true,160,12,3685,1
healthy,0,failover,0,true,160,12,3685,1
healthy,0,single,1,true,160,12,3685,1
healthy,0,failover,1,true,160,12,3685,1
healthy,0,single,2,true,160,12,3685,1
healthy,0,failover,2,true,160,12,3685,1
healthy,0,single,3,true,160,12,3685,1
healthy,0,failover,3,true,160,12,3685,1
healthy,0,single,4,true,160,12,3685,1
healthy,0,failover,4,true,160,12,3685,1
healthy,0,single,5,true,160,12,3685,1
healthy,0,failover,5,true,160,12,3685,1
healthy,0,single,6,true,160,12,3685,1
healthy,0,failover,6,true,160,12,3685,1
healthy,0,single,7,true,160,12,3685,1
healthy,0,failover,7,true,160,12,3685,1
healthy,0,single,8,true,160,12,3685,1
healthy,0,failover,8,true,160,12,3685,1
healthy,0,single,9,true,160,12,3685,1
healthy,0,failover,9,true,160,12,3685,1
healthy,0,single,10,true,160,12,3685,1
healthy,0,failover,10,true,160,12,3685,1
healthy,0,single,11,true,160,12,3685,1
healthy,0,failover,11,true,160,12,3685,1
healthy,0,single,12,true,160,12,3685,1
healthy,0,failover,12,true,160,12,3685,1
healthy,0,single,13,true,160,12,3685,1
healthy,0,failover,13,true,160,12,3685,1
healthy,0,single,14,true,160,12,3685,1
healthy,0,failover,14,true,160,12,3685,1
healthy,0,single,15,true,160,12,3685,1
healthy,0,failover,15,true,160,12,3685,1
healthy,0,single,16,true,160,12,3685,1
healthy,0,failover,16,true,160,12,3685,1
healthy,0,single,17,true,160,12,3685,1
healthy,0,failover,17,true,160,12,3685,1
healthy,0,single,18,true,160,12,3685,1
healthy,0,failover,18,true,160,12,3685,1
healthy,0,single,19,true,160,12,3685,1
healthy,0,failover,19,true,160,12,3685,1
healthy,0,single,20,true,160,12,3685,1
healthy,0,failover,20,true,160,12,3685,1
healthy,0,single,21,true,160,12,3685,1
healthy,0,failover,21,true,160,12,3685,1
healthy,0,single,22,true,160,12,3685,1
healthy,0,failover,22,true,160,12,3685,1
healthy,0,single,23,true,160,12,3685,1
healthy,0,failover,23,true,160,12,3685,1
healthy,0,single,24,true,160,12,3685,1
healthy,0,failover,24,true,160,12,3685,1
healthy,0,single,25,true,160,12,3685,1
healthy,0,failover,25,true,160,12,3685,1
healthy,0,single,26,true,160,12,3685,1
healthy,0,failover,26,true,160,12,3685,1
healthy,0,single,27,true,160,12,3685,1
healthy,0,failover,27,true,160,12,3685,1
healthy,0,single,28,true,160,12,3685,1
healthy,0,failover,28,true,160,12,3685,1
healthy,0,single,29,true,160,12,3685,1
healthy,0,failover,29,true,160,12,3685,1
healthy,0,single,30,true,160,12,3685,1
healthy,0,failover,30,true,160,12,3685,1
healthy,0,single,31,true,160,12,3685,1
healthy,0,failover,31,true,160,12,3685,1
healthy,0,single,32,true,160,12,3685,1
healthy,0,failover,32,true,160,12,3685,1
healthy,0,single,33,true,160,12,3685,1
healthy,0,failover,33,true,160,12,3685,1
healthy,0,single,34,true,160,12,3685,1
healthy,0,failover,34,true,160,12,3685,1
healthy,0,single,35,true,160,12,3685,1
healthy,0,failover,35,true,160,12,3685,1
healthy,0,single,36,true,160,12,3685,1
healthy,0,failover,36,true,160,12,3685,1
healthy,0,single,37,true,160,12,3685,1
healthy,0,failover,37,true,160,12,3685,1
healthy,0,single,38,true,160,12,3685,1
healthy,0,failover,38,true,160,12,3685,1
healthy,0,single,39,true,160,12,3685,1
healthy,0,failover,39,true,160,12,3685,1
healthy,0,single,40,true,160,12,3685,1
healthy,0,failover,40,true,160,12,3685,1
healthy,0,single,41,true,160,12,3685,1
healthy,0,failover,41,true,160,12,3685,1
healthy,0,single,42,true,160,12,3685,1
healthy,0,failover,42,true,160,12,3685,1
healthy,0,single,43,true,160,12,3685,1
healthy,0,failover,43,true,160,12,3685,1
healthy,0,single,44,true,160,12,3685,1
healthy,0,failover,44,true,160,12,3685,1
healthy,0,single,45,true,160,12,3685,1
healthy,0,failover,45,true,160,12,3685,1
healthy,0,single,46,true,160,12,3685,1
healthy,0,failover,46,true,160,12,3685,1
healthy,0,single,47,true,160,12,3685,1
healthy,0,failover,47,true,160,12,3685,1
healthy,0,single,48,true,160,12,3685,1
healthy,0,failover,48,true,160,12,3685,1
healthy,0,single,49,true,160,12,3685,1
healthy,0,failover,49,true,160,12,3685,1
healthy,0,single,50,true,160,12,3685,1
healthy,0,failover,50,true,160,12,3685,1
healthy,0,single,51,true,160,12,3685,1
healthy,0,failover,51,true,160,12,3685,1
healthy,0,single,52,true,160,12,3685,1
healthy,0,failover,52,true,160,12,3685,1
healthy,0,single,53,true,160,12,3685,1
healthy,0,failover,53,true,160,12,3685,1
healthy,0,single,54,true,160,12,3685,1
healthy,0,failover,54,true,160,12,3685,1
healthy,0,single,55,true,160,12,3685,1
healthy,0,failover,55,true,160,12,3685,1
healthy,0,single,56,true,160,12,3685,1
healthy,0,failover,56,true,160,12,3685,1
healthy,0,single,57,true,160,12,3685,1
healthy,0,failover,57,true,160,12,3685,1
healthy,0,single,58,true,160,12,3685,1
healthy,0,failover,58,true,160,12,3685,1
healthy,0,single,59,true,160,12,3685,1
healthy,0,failover,59,true,160,12,3685,1
healthy,0,single,60,true,160,12,3685,1
healthy,0,failover,60,true,160,12,3685,1
healthy,0,single,61,true,160,12,3685,1
healthy,0,failover,61,true,160,12,3685,1
healthy,0,single,62,true,160,12,3685,1
healthy,0,failover,62,true,160,12,3685,1
healthy,0,single,63,true,160,12,3685,1
healthy,0,failover,63,true,160,12,3685,1
healthy,0,single,64,true,160,12,3685,1
healthy,0,failover,64,true,160,12,3685,1
healthy,0,single,65,true,160,12,3685,1
healthy,0,failover,65,true,160,12,3685,1
healthy,0,single,66,true,160,12,3685,1
healthy,0,failover,66,true,160,12,3685,1
healthy,0,single,67,true,160,12,3685,1
healthy,0,failover,67,true,160,12,3685,1
healthy,0,single,68,true,160,12,3685,1
healthy,0,failover,68,true,160,12,3685,1
healthy,0,single,69,true,160,12,3685,1
healthy,0,failover,69,true,160,12,3685,1
healthy,0,single,70,true,160,12,3685,1
healthy,0,failover,70,true,160,12,3685,1
healthy,0,single,71,true,160,12,3685,1
healthy,0,failover,71,true,160,12,3685,1
healthy,0,single,72,true,160,12,3685,1
healthy,0,failover,72,true,160,12,3685,1
healthy,0,single,73,true,160,12,3685,1
healthy,0,failover,73,true,160,12,3685,1
healthy,0,single,74,true,160,12,3685,1
healthy,0,failover,74,true,160,12,3685,1
healthy,0,single,75,true,160,12,3685,1
healthy,0,failover,75,true,160,12,3685,1
healthy,0,single,76,true,160,12,3685,1
healthy,0,failover,76,true,160,12,3685,1
healthy,0,single,77,true,160,12,3685,1
healthy,0,failover,77,true,160,12,3685,1
healthy,0,single,78,true,160,12,3685,1
healthy,0,failover,78,true,160,12,3685,1
healthy,0,single,79,true,160,12,3685,1
healthy,0,failover,79,true,160,12,3685,1
healthy,0,single,80,true,160,12,3685,1
healthy,0,failover,80,true,160,12,3685,1
healthy,0,single,81,true,160,12,3685,1
healthy,0,failover,81,true,160,12,3685,1
healthy,0,single,82,true,160,12,3685,1
healthy,0,failover,82,true,160,12,3685,1
healthy,0,single,83,true,160,12,3685,1
healthy,0,failover,83,true,160,12,3685,1
healthy,0,single,84,true,160,12,3685,1
healthy,0,failover,84,true,160,12,3685,1
healthy,0,single,85,true,160,12,3685,1
healthy,0,failover,85,true,160,12,3685,1
healthy,0,single,86,true,160,12,3685,1
healthy,0,failover,86,true,160,12,3685,1
healthy,0,single,87,true,160,12,3685,1
healthy,0,failover,87,true,160,12,3685,1
healthy,0,single,88,true,160,12,3685,1
healthy,0,failover,88,true,160,12,3685,1
healthy,0,single,89,true,160,12,3685,1
healthy,0,failover,89,true,160,12,3685,1
healthy,0,single,90,true,160,12,3685,1
healthy,0,failover,90,true,160,12,3685,1
healthy,0,single,91,true,160,12,3685,1
healthy,0,failover,91,true,160,12,3685,1
healthy,0,single,92,true,160,12,3685,1
healthy,0,failover,92,true,160,12,3685,1
healthy,0,single,93,true,160,12,3685,1
healthy,0,failover,93,true,160,12,3685,1
healthy,0,single,94,true,160,12,3685,1
healthy,0,failover,94,true,160,12,3685,1
healthy,0,single,95,true,160,12,3685,1
healthy,0,failover,95,true,160,12,3685,1
healthy,0,single,96,true,160,12,3685,1
healthy,0,failover,96,true,160,12,3685,1
healthy,0,single,97,true,160,12,3685,1
healthy,0,failover,97,true,160,12,3685,1
healthy,0,single,98,true,160,12,3685,1
healthy,0,failover,98,true,160,12,3685,1
healthy,0,single,99,true,160,12,3685,1
healthy,0,failover,99,true,160,12,3685,1
healthy,10,single,0,true,160,12,3685,1
healthy,10,failover,0,true,160,12,3685,1
healthy,10,single,1,true,160,12,3685,1
healthy,10,failover,1,true,160,12,3685,1
healthy,10,single,2,true,760,14,4649,1
healthy,10,failover,2,true,760,14,4649,1
healthy,10,single,3,true,160,12,3685,1
healthy,10,failover,3,true,160,12,3685,1
healthy,10,single,4,true,360,16,5328,1
healthy,10,failover,4,true,360,16,5328,1
healthy,10,single,5,true,360,13,4038,1
healthy,10,failover,5,true,360,13,4038,1
healthy,10,single,6,true,1860,16,5194,1
healthy,10,failover,6,true,1160,20,6555,1
healthy,10,single,7,true,160,12,3685,1
healthy,10,failover,7,true,160,12,3685,1
healthy,10,single,8,true,2160,15,5155,1
healthy,10,failover,8,true,960,22,7075,1
healthy,10,single,9,true,160,12,3685,1
healthy,10,failover,9,true,160,12,3685,1
healthy,10,single,10,true,3660,20,6883,1
healthy,10,failover,10,true,2660,32,11022,1
healthy,10,single,11,true,2160,16,5194,1
healthy,10,failover,11,true,960,17,5520,1
healthy,10,single,12,true,1360,17,5488,1
healthy,10,failover,12,true,960,25,8051,1
healthy,10,single,13,true,160,12,3685,1
healthy,10,failover,13,true,160,12,3685,1
healthy,10,single,14,true,860,15,4720,1
healthy,10,failover,14,true,860,20,6555,1
healthy,10,single,15,true,660,13,4038,1
healthy,10,failover,15,true,660,13,4038,1
healthy,10,single,16,true,160,12,3685,1
healthy,10,failover,16,true,160,12,3685,1
healthy,10,single,17,true,160,12,3685,1
healthy,10,failover,17,true,160,12,3685,1
healthy,10,single,18,true,160,12,3685,1
healthy,10,failover,18,true,160,12,3685,1
healthy,10,single,19,true,660,14,4246,1
healthy,10,failover,19,true,660,14,4246,1
healthy,10,single,20,true,660,13,4038,1
healthy,10,failover,20,true,660,13,4038,1
healthy,10,single,21,true,160,12,3685,1
healthy,10,failover,21,true,160,12,3685,1
healthy,10,single,22,true,160,12,3685,1
healthy,10,failover,22,true,160,12,3685,1
healthy,10,single,23,true,160,12,3685,1
healthy,10,failover,23,true,160,12,3685,1
healthy,10,single,24,true,160,12,3685,1
healthy,10,failover,24,true,160,12,3685,1
healthy,10,single,25,true,160,12,3685,1
healthy,10,failover,25,true,160,12,3685,1
healthy,10,single,26,true,660,14,4246,1
healthy,10,failover,26,true,660,14,4246,1
healthy,10,single,27,true,160,12,3685,1
healthy,10,failover,27,true,160,12,3685,1
healthy,10,single,28,true,160,12,3685,1
healthy,10,failover,28,true,160,12,3685,1
healthy,10,single,29,true,160,12,3685,1
healthy,10,failover,29,true,160,12,3685,1
healthy,10,single,30,true,860,15,4720,1
healthy,10,failover,30,true,860,16,5280,1
healthy,10,single,31,true,360,13,4159,1
healthy,10,failover,31,true,360,13,4159,1
healthy,10,single,32,true,160,12,3685,1
healthy,10,failover,32,true,160,12,3685,1
healthy,10,single,33,true,1660,14,4633,1
healthy,10,failover,33,true,960,16,5312,1
healthy,10,single,34,true,860,14,4391,1
healthy,10,failover,34,true,860,19,6226,1
healthy,10,single,35,true,860,14,4512,1
healthy,10,failover,35,true,860,19,6347,1
healthy,10,single,36,true,160,12,3685,1
healthy,10,failover,36,true,160,12,3685,1
healthy,10,single,37,true,360,13,4159,1
healthy,10,failover,37,true,360,13,4159,1
healthy,10,single,38,true,2160,17,5402,1
healthy,10,failover,38,true,1660,27,8671,1
healthy,10,single,39,true,160,12,3685,1
healthy,10,failover,39,true,160,12,3685,1
healthy,10,single,40,true,760,15,4865,1
healthy,10,failover,40,true,760,15,4865,1
healthy,10,single,41,true,1160,15,4720,1
healthy,10,failover,41,true,960,23,7283,1
healthy,10,single,42,true,160,12,3685,1
healthy,10,failover,42,true,160,12,3685,1
healthy,10,single,43,true,160,12,3685,1
healthy,10,failover,43,true,160,12,3685,1
healthy,10,single,44,true,660,14,4246,1
healthy,10,failover,44,true,660,14,4246,1
healthy,10,single,45,true,860,17,5727,1
healthy,10,failover,45,true,860,22,7562,1
healthy,10,single,46,true,160,12,3685,1
healthy,10,failover,46,true,160,12,3685,1
healthy,10,single,47,true,360,13,4159,1
healthy,10,failover,47,true,360,13,4159,1
healthy,10,single,48,true,160,12,3685,1
healthy,10,failover,48,true,160,12,3685,1
healthy,10,single,49,true,160,12,3685,1
healthy,10,failover,49,true,160,12,3685,1
healthy,10,single,50,true,860,14,4512,1
healthy,10,failover,50,true,860,19,6347,1
healthy,10,single,51,true,2160,17,5402,1
healthy,10,failover,51,true,960,18,5728,1
healthy,10,single,52,true,560,14,4598,1
healthy,10,failover,52,true,560,14,4598,1
healthy,10,single,53,true,360,13,4159,1
healthy,10,failover,53,true,360,13,4159,1
healthy,10,single,54,true,660,14,4246,1
healthy,10,failover,54,true,660,14,4246,1
healthy,10,single,55,true,960,15,5002,1
healthy,10,failover,55,true,960,26,8568,1
healthy,10,single,56,true,360,13,4038,1
healthy,10,failover,56,true,360,13,4038,1
healthy,10,single,57,true,160,12,3685,1
healthy,10,failover,57,true,160,12,3685,1
healthy,10,single,58,true,660,16,4718,1
healthy,10,failover,58,true,660,16,4718,1
healthy,10,single,59,true,2160,18,5873,1
healthy,10,failover,59,true,960,19,6199,1
healthy,10,single,60,true,360,13,4038,1
healthy,10,failover,60,true,360,13,4038,1
healthy,10,single,61,true,360,13,4038,1
healthy,10,failover,61,true,360,13,4038,1
healthy,10,single,62,true,160,12,3685,1
healthy,10,failover,62,true,160,12,3685,1
healthy,10,single,63,true,360,13,4245,1
healthy,10,failover,63,true,360,13,4245,1
healthy,10,single,64,true,360,13,4038,1
healthy,10,failover,64,true,360,13,4038,1
healthy,10,single,65,true,360,13,4038,1
healthy,10,failover,65,true,360,13,4038,1
healthy,10,single,66,true,360,13,4159,1
healthy,10,failover,66,true,360,13,4159,1
healthy,10,single,67,true,660,13,4159,1
healthy,10,failover,67,true,660,13,4159,1
healthy,10,single,68,true,1660,17,6009,1
healthy,10,failover,68,true,1660,30,10351,1
healthy,10,single,69,true,360,13,4245,1
healthy,10,failover,69,true,360,13,4245,1
healthy,10,single,70,true,160,12,3685,1
healthy,10,failover,70,true,160,12,3685,1
healthy,10,single,71,true,360,13,4159,1
healthy,10,failover,71,true,360,13,4159,1
healthy,10,single,72,true,160,12,3685,1
healthy,10,failover,72,true,160,12,3685,1
healthy,10,single,73,true,3660,18,5779,1
healthy,10,failover,73,true,1160,25,7723,1
healthy,10,single,74,true,1660,15,4841,1
healthy,10,failover,74,true,1660,26,8318,1
healthy,10,single,75,true,1660,14,4681,1
healthy,10,failover,75,true,1160,25,7986,1
healthy,10,single,76,true,360,13,4245,1
healthy,10,failover,76,true,360,13,4245,1
healthy,10,single,77,true,160,12,3685,1
healthy,10,failover,77,true,160,12,3685,1
healthy,10,single,78,true,660,13,4159,1
healthy,10,failover,78,true,660,13,4159,1
healthy,10,single,79,true,360,13,4038,1
healthy,10,failover,79,true,360,13,4038,1
healthy,10,single,80,true,360,13,4245,1
healthy,10,failover,80,true,360,13,4245,1
healthy,10,single,81,true,860,19,6129,1
healthy,10,failover,81,true,860,23,7490,1
healthy,10,single,82,true,3660,16,5363,1
healthy,10,failover,82,true,1160,24,7722,1
healthy,10,single,83,true,660,13,4159,1
healthy,10,failover,83,true,660,13,4159,1
healthy,10,single,84,true,1660,17,5568,1
healthy,10,failover,84,true,960,25,7841,1
healthy,10,single,85,true,660,13,4159,1
healthy,10,failover,85,true,660,13,4159,1
healthy,10,single,86,true,760,14,4649,1
healthy,10,failover,86,true,760,14,4649,1
healthy,10,single,87,true,160,12,3685,1
healthy,10,failover,87,true,160,12,3685,1
healthy,10,single,88,true,160,12,3685,1
healthy,10,failover,88,true,160,12,3685,1
healthy,10,single,89,true,660,14,4246,1
healthy,10,failover,89,true,660,14,4246,1
healthy,10,single,90,true,360,13,4038,1
healthy,10,failover,90,true,360,13,4038,1
healthy,10,single,91,true,3660,15,5107,1
healthy,10,failover,91,true,2660,23,7993,1
healthy,10,single,92,true,160,12,3685,1
healthy,10,failover,92,true,160,12,3685,1
healthy,10,single,93,true,160,12,3685,1
healthy,10,failover,93,true,160,12,3685,1
healthy,10,single,94,true,3660,17,5523,1
healthy,10,failover,94,true,960,18,5728,1
healthy,10,single,95,true,360,13,4245,1
healthy,10,failover,95,true,360,13,4245,1
healthy,10,single,96,true,360,13,4038,1
healthy,10,failover,96,true,360,13,4038,1
healthy,10,single,97,true,160,12,3685,1
healthy,10,failover,97,true,160,12,3685,1
healthy,10,single,98,true,160,12,3685,1
healthy,10,failover,98,true,160,12,3685,1
healthy,10,single,99,true,660,13,4159,1
healthy,10,failover,99,true,660,13,4159,1
healthy,30,single,0,true,160,12,3685,1
healthy,30,failover,0,true,160,12,3685,1
healthy,30,single,1,true,4160,21,6819,1
healthy,30,failover,1,true,1860,23,7853,1
healthy,30,single,2,true,960,16,5890,1
healthy,30,failover,2,true,960,19,7043,1
healthy,30,single,3,true,760,16,5328,1
healthy,30,failover,3,true,760,16,5328,1
healthy,30,single,4,false,20000,11,5179,0
healthy,30,failover,4,true,1660,24,9424,1
healthy,30,single,5,false,20000,4,2482,0
healthy,30,failover,5,true,1660,18,6873,1
healthy,30,single,6,true,5360,21,7225,1
healthy,30,failover,6,true,1160,18,5873,1
healthy,30,single,7,true,3660,15,5107,1
healthy,30,failover,7,true,3160,29,10296,1
healthy,30,single,8,false,20000,17,5931,1
healthy,30,failover,8,true,2960,36,12581,1
healthy,30,single,9,true,560,14,4719,1
healthy,30,failover,9,true,560,14,4719,1
healthy,30,single,10,false,20000,13,5151,0
healthy,30,failover,10,true,3960,37,13620,1
healthy,30,single,11,true,2760,18,6158,1
healthy,30,failover,11,true,2760,24,8467,1
healthy,30,single,12,true,2360,18,5962,1
healthy,30,failover,12,true,2360,31,11067,1
healthy,30,single,13,true,3660,16,5315,1
healthy,30,failover,13,true,3660,33,11031,1
healthy,30,single,14,false,20000,18,5997,1
healthy,30,failover,14,true,1560,24,8271,1
healthy,30,single,15,true,2160,16,5194,1
healthy,30,failover,15,true,2160,20,6821,1
healthy,30,single,16,true,160,12,3685,1
healthy,30,failover,16,true,160,12,3685,1
healthy,30,single,17,true,160,12,3685,1
healthy,30,failover,17,true,160,12,3685,1
healthy,30,single,18,true,5460,21,7666,1
healthy,30,failover,18,true,5460,39,13453,1
healthy,30,single,19,true,3860,22,7376,1
healthy,30,failover,19,true,1660,32,10089,1
healthy,30,single,20,true,660,13,4038,1
healthy,30,failover,20,true,660,13,4038,1
healthy,30,single,21,true,3860,21,7039,1
healthy,30,failover,21,true,1460,30,9520,1
healthy,30,single,22,true,7360,21,7553,1
healthy,30,failover,22,true,4660,34,11798,1
healthy,30,single,23,true,5160,22,7879,1
healthy,30,failover,23,true,1360,21,7499,1
healthy,30,single,24,false,20000,18,6201,1
healthy,30,failover,24,true,5160,38,14414,1
healthy,30,single,25,true,760,14,4633,1
healthy,30,failover,25,true,760,14,4633,1
healthy,30,single,26,true,660,14,4246,1
healthy,30,failover,26,true,660,14,4246,1
healthy,30,single,27,true,960,15,5209,1
healthy,30,failover,27,true,960,18,6362,1
healthy,30,single,28,true,360,15,4717,1
healthy,30,failover,28,true,360,15,4717,1
healthy,30,single,29,true,1360,16,5613,1
healthy,30,failover,29,true,1360,18,6733,1
healthy,30,single,30,true,1060,18,5666,1
healthy,30,failover,30,true,1060,24,8061,1
healthy,30,single,31,true,760,14,4633,1
healthy,30,failover,31,true,760,14,4633,1
healthy,30,single,32,true,160,12,3685,1
healthy,30,failover,32,true,160,12,3685,1
healthy,30,single,33,false,20000,14,5375,1
healthy,30,failover,33,true,3060,25,8624,1
healthy,30,single,34,true,3860,23,8140,1
healthy,30,failover,34,true,3860,33,11810,1
healthy,30,single,35,true,3360,18,6158,1
healthy,30,failover,35,true,3360,35,11705,1
healthy,30,single,36,true,160,12,3685,1
healthy,30,failover,36,true,160,12,3685,1
healthy,30,single,37,true,3160,16,5629,1
healthy,30,failover,37,true,3160,32,11059,1
healthy,30,single,38,false,20000,8,2991,0
healthy,30,failover,38,true,2060,21,7311,1
healthy,30,single,39,true,360,15,4717,1
healthy,30,failover,39,true,360,15,4717,1
healthy,30,single,40,true,4460,24,8418,1
healthy,30,failover,40,true,2660,35,12161,1
healthy,30,single,41,true,2160,19,6554,1
healthy,30,failover,41,true,2160,27,9749,1
healthy,30,single,42,true,360,13,4159,1
healthy,30,failover,42,true,360,13,4159,1
healthy,30,single,43,true,1060,19,6274,1
healthy,30,failover,43,true,1060,21,7394,1
healthy,30,single,44,true,1260,17,6775,1
healthy,30,failover,44,true,1160,27,9606,1
healthy,30,single,45,true,1460,19,6691,1
healthy,30,failover,45,true,1460,32,10847,1
healthy,30,single,46,true,1660,14,4633,1
healthy,30,failover,46,true,1460,21,6956,1
healthy,30,single,47,true,560,14,4512,1
healthy,30,failover,47,true,560,14,4512,1
healthy,30,single,48,false,20000,7,2783,0
healthy,30,failover,48,false,20000,20,8289,0
healthy,30,single,49,true,1360,18,6314,1
healthy,30,failover,49,true,1360,24,8709,1
healthy,30,single,50,false,20000,17,5845,1
healthy,30,failover,50,true,960,23,7428,1
healthy,30,single,51,false,20000,10,4369,0
healthy,30,failover,51,false,20000,18,7360,0
healthy,30,single,52,true,4060,19,6820,1
healthy,30,failover,52,true,3060,29,10772,1
healthy,30,single,53,true,360,14,4719,1
healthy,30,failover,53,true,360,14,4719,1
healthy,30,single,54,true,660,14,4246,1
healthy,30,failover,54,true,660,14,4246,1
healthy,30,single,55,true,2460,18,6158,1
healthy,30,failover,55,true,1660,29,9471,1
healthy,30,single,56,true,360,14,4598,1
healthy,30,failover,56,true,360,14,4598,1
healthy,30,single,57,true,160,12,3685,1
healthy,30,failover,57,true,160,12,3685,1
healthy,30,single,58,true,760,14,5353,1
healthy,30,failover,58,true,760,14,5353,1
healthy,30,single,59,false,20000,12,4352,0
healthy,30,failover,59,true,1660,25,8535,1
healthy,30,single,60,false,20000,18,6881,1
healthy,30,failover,60,true,3160,27,9897,1
healthy,30,single,61,true,360,14,4512,1
healthy,30,failover,61,true,360,14,4512,1
healthy,30,single,62,false,20000,17,6321,1
healthy,30,failover,62,true,1760,25,9250,1
healthy,30,single,63,true,4560,25,8559,1
healthy,30,failover,63,true,1160,29,9557,1
healthy,30,single,64,true,360,13,4038,1
healthy,30,failover,64,true,360,13,4038,1
healthy,30,single,65,false,20000,11,4144,0
healthy,30,failover,65,true,1160,20,6759,1
healthy,30,single,66,false,20000,16,5815,1
healthy,30,failover,66,true,2460,30,10182,1
healthy,30,single,67,true,2760,18,6983,1
healthy,30,failover,67,true,1960,24,9867,1
healthy,30,single,68,true,4160,22,7895,1
healthy,30,failover,68,true,2160,35,12237,1
healthy,30,single,69,false,20000,11,4233,0
healthy,30,failover,69,true,1560,22,7675,1
healthy,30,single,70,false,20000,26,8659,1
healthy,30,failover,70,false,20000,44,14656,1
healthy,30,single,71,true,360,13,4159,1
healthy,30,failover,71,true,360,13,4159,1
healthy,30,single,72,true,360,13,4245,1
healthy,30,failover,72,true,360,13,4245,1
healthy,30,single,73,false,20000,20,6469,1
healthy,30,failover,73,true,1460,22,7430,1
healthy,30,single,74,true,3660,17,5523,1
healthy,30,failover,74,true,3160,25,8441,1
healthy,30,single,75,true,5160,17,6103,1
healthy,30,failover,75,true,2460,31,11026,1
healthy,30,single,76,true,960,15,5827,1
healthy,30,failover,76,true,960,18,6980,1
healthy,30,single,77,false,20000,4,2482,0
healthy,30,failover,77,true,1460,20,7407,1
healthy,30,single,78,true,1060,18,6225,1
healthy,30,failover,78,true,1060,24,8620,1
healthy,30,single,79,true,1360,15,4865,1
healthy,30,failover,79,true,1360,20,6786,1
healthy,30,single,80,false,20000,10,4369,0
healthy,30,failover,80,true,2660,23,8673,1
healthy,30,single,81,true,1960,19,7454,1
healthy,30,failover,81,true,2160,32,12527,1
healthy,30,single,82,false,20000,19,7675,1
healthy,30,failover,82,true,4560,38,15387,1
healthy,30,single,83,true,3860,16,5460,1
healthy,30,failover,83,true,3860,26,8864,1
healthy,30,single,84,true,660,17,5751,1
healthy,30,failover,84,true,660,17,5751,1
healthy,30,single,85,true,4760,22,7519,1
healthy,30,failover,85,true,1460,25,8295,1
healthy,30,single,86,true,760,14,4649,1
healthy,30,failover,86,true,760,14,4649,1
healthy,30,single,87,true,3360,17,6071,1
healthy,30,failover,87,true,1860,34,11685,1
healthy,30,single,88,true,660,13,4038,1
healthy,30,failover,88,true,660,13,4038,1
healthy,30,single,89,true,760,14,5353,1
healthy,30,failover,89,true,760,14,5353,1
healthy,30,single,90,false,20000,20,6872,1
healthy,30,failover,90,true,2560,33,11926,1
healthy,30,single,91,false,20000,7,2783,0
healthy,30,failover,91,true,2360,25,9900,1
healthy,30,single,92,true,1260,15,5827,1
healthy,30,failover,92,true,1260,19,7188,1
healthy,30,single,93,true,160,12,3685,1
healthy,30,failover,93,true,160,12,3685,1
healthy,30,single,94,true,3660,17,5523,1
healthy,30,failover,94,true,2460,24,8040,1
healthy,30,single,95,true,360,13,4245,1
healthy,30,failover,95,true,360,13,4245,1
healthy,30,single,96,true,2260,19,6315,1
healthy,30,failover,96,true,2060,33,11037,1
healthy,30,single,97,true,360,15,4768,1
healthy,30,failover,97,true,360,15,4768,1
healthy,30,single,98,true,1860,19,7027,1
healthy,30,failover,98,true,1460,26,9869,1
healthy,30,single,99,true,4760,22,7739,1
healthy,30,failover,99,true,4760,30,10730,1
first_dead,0,single,0,false,20000,4,2482,0
first_dead,0,failover,0,true,960,15,5486,1
first_dead,0,single,1,false,20000,4,2482,0
first_dead,0,failover,1,true,960,15,5486,1
first_dead,0,single,2,false,20000,4,2482,0
first_dead,0,failover,2,true,960,15,5486,1
first_dead,0,single,3,false,20000,4,2482,0
first_dead,0,failover,3,true,960,15,5486,1
first_dead,0,single,4,false,20000,4,2482,0
first_dead,0,failover,4,true,960,15,5486,1
first_dead,0,single,5,false,20000,4,2482,0
first_dead,0,failover,5,true,960,15,5486,1
first_dead,0,single,6,false,20000,4,2482,0
first_dead,0,failover,6,true,960,15,5486,1
first_dead,0,single,7,false,20000,4,2482,0
first_dead,0,failover,7,true,960,15,5486,1
first_dead,0,single,8,false,20000,4,2482,0
first_dead,0,failover,8,true,960,15,5486,1
first_dead,0,single,9,false,20000,4,2482,0
first_dead,0,failover,9,true,960,15,5486,1
first_dead,0,single,10,false,20000,4,2482,0
first_dead,0,failover,10,true,960,15,5486,1
first_dead,0,single,11,false,20000,4,2482,0
first_dead,0,failover,11,true,960,15,5486,1
first_dead,0,single,12,false,20000,4,2482,0
first_dead,0,failover,12,true,960,15,5486,1
first_dead,0,single,13,false,20000,4,2482,0
first_dead,0,failover,13,true,960,15,5486,1
first_dead,0,single,14,false,20000,4,2482,0
first_dead,0,failover,14,true,960,15,5486,1
first_dead,0,single,15,false,20000,4,2482,0
first_dead,0,failover,15,true,960,15,5486,1
first_dead,0,single,16,false,20000,4,2482,0
first_dead,0,failover,16,true,960,15,5486,1
first_dead,0,single,17,false,20000,4,2482,0
first_dead,0,failover,17,true,960,15,5486,1
first_dead,0,single,18,false,20000,4,2482,0
first_dead,0,failover,18,true,960,15,5486,1
first_dead,0,single,19,false,20000,4,2482,0
first_dead,0,failover,19,true,960,15,5486,1
first_dead,0,single,20,false,20000,4,2482,0
first_dead,0,failover,20,true,960,15,5486,1
first_dead,0,single,21,false,20000,4,2482,0
first_dead,0,failover,21,true,960,15,5486,1
first_dead,0,single,22,false,20000,4,2482,0
first_dead,0,failover,22,true,960,15,5486,1
first_dead,0,single,23,false,20000,4,2482,0
first_dead,0,failover,23,true,960,15,5486,1
first_dead,0,single,24,false,20000,4,2482,0
first_dead,0,failover,24,true,960,15,5486,1
first_dead,0,single,25,false,20000,4,2482,0
first_dead,0,failover,25,true,960,15,5486,1
first_dead,0,single,26,false,20000,4,2482,0
first_dead,0,failover,26,true,960,15,5486,1
first_dead,0,single,27,false,20000,4,2482,0
first_dead,0,failover,27,true,960,15,5486,1
first_dead,0,single,28,false,20000,4,2482,0
first_dead,0,failover,28,true,960,15,5486,1
first_dead,0,single,29,false,20000,4,2482,0
first_dead,0,failover,29,true,960,15,5486,1
first_dead,0,single,30,false,20000,4,2482,0
first_dead,0,failover,30,true,960,15,5486,1
first_dead,0,single,31,false,20000,4,2482,0
first_dead,0,failover,31,true,960,15,5486,1
first_dead,0,single,32,false,20000,4,2482,0
first_dead,0,failover,32,true,960,15,5486,1
first_dead,0,single,33,false,20000,4,2482,0
first_dead,0,failover,33,true,960,15,5486,1
first_dead,0,single,34,false,20000,4,2482,0
first_dead,0,failover,34,true,960,15,5486,1
first_dead,0,single,35,false,20000,4,2482,0
first_dead,0,failover,35,true,960,15,5486,1
first_dead,0,single,36,false,20000,4,2482,0
first_dead,0,failover,36,true,960,15,5486,1
first_dead,0,single,37,false,20000,4,2482,0
first_dead,0,failover,37,true,960,15,5486,1
first_dead,0,single,38,false,20000,4,2482,0
first_dead,0,failover,38,true,960,15,5486,1
first_dead,0,single,39,false,20000,4,2482,0
first_dead,0,failover,39,true,960,15,5486,1
first_dead,0,single,40,false,20000,4,2482,0
first_dead,0,failover,40,true,960,15,5486,1
first_dead,0,single,41,false,20000,4,2482,0
first_dead,0,failover,41,true,960,15,5486,1
first_dead,0,single,42,false,20000,4,2482,0
first_dead,0,failover,42,true,960,15,5486,1
first_dead,0,single,43,false,20000,4,2482,0
first_dead,0,failover,43,true,960,15,5486,1
first_dead,0,single,44,false,20000,4,2482,0
first_dead,0,failover,44,true,960,15,5486,1
first_dead,0,single,45,false,20000,4,2482,0
first_dead,0,failover,45,true,960,15,5486,1
first_dead,0,single,46,false,20000,4,2482,0
first_dead,0,failover,46,true,960,15,5486,1
first_dead,0,single,47,false,20000,4,2482,0
first_dead,0,failover,47,true,960,15,5486,1
first_dead,0,single,48,false,20000,4,2482,0
first_dead,0,failover,48,true,960,15,5486,1
first_dead,0,single,49,false,20000,4,2482,0
first_dead,0,failover,49,true,960,15,5486,1
first_dead,0,single,50,false,20000,4,2482,0
first_dead,0,failover,50,true,960,15,5486,1
first_dead,0,single,51,false,20000,4,2482,0
first_dead,0,failover,51,true,960,15,5486,1
first_dead,0,single,52,false,20000,4,2482,0
first_dead,0,failover,52,true,960,15,5486,1
first_dead,0,single,53,false,20000,4,2482,0
first_dead,0,failover,53,true,960,15,5486,1
first_dead,0,single,54,false,20000,4,2482,0
first_dead,0,failover,54,true,960,15,5486,1
first_dead,0,single,55,false,20000,4,2482,0
first_dead,0,failover,55,true,960,15,5486,1
first_dead,0,single,56,false,20000,4,2482,0
first_dead,0,failover,56,true,960,15,5486,1
first_dead,0,single,57,false,20000,4,2482,0
first_dead,0,failover,57,true,960,15,5486,1
first_dead,0,single,58,false,20000,4,2482,0
first_dead,0,failover,58,true,960,15,5486,1
first_dead,0,single,59,false,20000,4,2482,0
first_dead,0,failover,59,true,960,15,5486,1
first_dead,0,single,60,false,20000,4,2482,0
first_dead,0,failover,60,true,960,15,5486,1
first_dead,0,single,61,false,20000,4,2482,0
first_dead,0,failover,61,true,960,15,5486,1
first_dead,0,single,62,false,20000,4,2482,0
first_dead,0,failover,62,true,960,15,5486,1
first_dead,0,single,63,false,20000,4,2482,0
first_dead,0,failover,63,true,960,15,5486,1
first_dead,0,single,64,false,20000,4,2482,0
first_dead,0,failover,64,true,960,15,5486,1
first_dead,0,single,65,false,20000,4,2482,0
first_dead,0,failover,65,true,960,15,5486,1
first_dead,0,single,66,false,20000,4,2482,0
first_dead,0,failover,66,true,960,15,5486,1
first_dead,0,single,67,false,20000,4,2482,0
first_dead,0,failover,67,true,960,15,5486,1
first_dead,0,single,68,false,20000,4,2482,0
first_dead,0,failover,68,true,960,15,5486,1
first_dead,0,single,69,false,20000,4,2482,0
first_dead,0,failover,69,true,960,15,5486,1
first_dead,0,single,70,false,20000,4,2482,0
first_dead,0,failover,70,true,960,15,5486,1
first_dead,0,single,71,false,20000,4,2482,0
first_dead,0,failover,71,true,960,15,5486,1
first_dead,0,single,72,false,20000,4,2482,0
first_dead,0,failover,72,true,960,15,5486,1
first_dead,0,single,73,false,20000,4,2482,0
first_dead,0,failover,73,true,960,15,5486,1
first_dead,0,single,74,false,20000,4,2482,0
first_dead,0,failover,74,true,960,15,5486,1
first_dead,0,single,75,false,20000,4,2482,0
first_dead,0,failover,75,true,960,15,5486,1
first_dead,0,single,76,false,20000,4,2482,0
first_dead,0,failover,76,true,960,15,5486,1
first_dead,0,single,77,false,20000,4,2482,0
first_dead,0,failover,77,true,960,15,5486,1
first_dead,0,single,78,false,20000,4,2482,0
first_dead,0,failover,78,true,960,15,5486,1
first_dead,0,single,79,false,20000,4,2482,0
first_dead,0,failover,79,true,960,15,5486,1
first_dead,0,single,80,false,20000,4,2482,0
first_dead,0,failover,80,true,960,15,5486,1
first_dead,0,single,81,false,20000,4,2482,0
first_dead,0,failover,81,true,960,15,5486,1
first_dead,0,single,82,false,20000,4,2482,0
first_dead,0,failover,82,true,960,15,5486,1
first_dead,0,single,83,false,20000,4,2482,0
first_dead,0,failover,83,true,960,15,5486,1
first_dead,0,single,84,false,20000,4,2482,0
first_dead,0,failover,84,true,960,15,5486,1
first_dead,0,single,85,false,20000,4,2482,0
first_dead,0,failover,85,true,960,15,5486,1
first_dead,0,single,86,false,20000,4,2482,0
first_dead,0,failover,86,true,960,15,5486,1
first_dead,0,single,87,false,20000,4,2482,0
first_dead,0,failover,87,true,960,15,5486,1
first_dead,0,single,88,false,20000,4,2482,0
first_dead,0,failover,88,true,960,15,5486,1
first_dead,0,single,89,false,20000,4,2482,0
first_dead,0,failover,89,true,960,15,5486,1
first_dead,0,single,90,false,20000,4,2482,0
first_dead,0,failover,90,true,960,15,5486,1
first_dead,0,single,91,false,20000,4,2482,0
first_dead,0,failover,91,true,960,15,5486,1
first_dead,0,single,92,false,20000,4,2482,0
first_dead,0,failover,92,true,960,15,5486,1
first_dead,0,single,93,false,20000,4,2482,0
first_dead,0,failover,93,true,960,15,5486,1
first_dead,0,single,94,false,20000,4,2482,0
first_dead,0,failover,94,true,960,15,5486,1
first_dead,0,single,95,false,20000,4,2482,0
first_dead,0,failover,95,true,960,15,5486,1
first_dead,0,single,96,false,20000,4,2482,0
first_dead,0,failover,96,true,960,15,5486,1
first_dead,0,single,97,false,20000,4,2482,0
first_dead,0,failover,97,true,960,15,5486,1
first_dead,0,single,98,false,20000,4,2482,0
first_dead,0,failover,98,true,960,15,5486,1
first_dead,0,single,99,false,20000,4,2482,0
first_dead,0,failover,99,true,960,15,5486,1
first_dead,10,single,0,false,20000,4,2482,0
first_dead,10,failover,0,true,1160,16,5839,1
first_dead,10,single,1,false,20000,4,2482,0
first_dead,10,failover,1,true,1160,16,5839,1
first_dead,10,single,2,false,20000,4,2482,0
first_dead,10,failover,2,true,1460,17,6641,1
first_dead,10,single,3,false,20000,4,2482,0
first_dead,10,failover,3,true,1860,20,7555,1
first_dead,10,single,4,false,20000,4,2482,0
first_dead,10,failover,4,true,960,15,5486,1
first_dead,10,single,5,false,20000,4,2482,0
first_dead,10,failover,5,true,960,15,5486,1
first_dead,10,single,6,false,20000,4,2482,0
first_dead,10,failover,6,true,1160,16,5839,1
first_dead,10,single,7,false,20000,4,2482,0
first_dead,10,failover,7,true,1460,18,6728,1
first_dead,10,single,8,false,20000,4,2482,0
first_dead,10,failover,8,true,960,15,5486,1
first_dead,10,single,9,false,20000,4,2482,0
first_dead,10,failover,9,true,1460,18,6849,1
first_dead,10,single,10,false,20000,4,2482,0
first_dead,10,failover,10,true,2660,26,9627,1
first_dead,10,single,11,false,20000,4,2482,0
first_dead,10,failover,11,true,960,15,5486,1
first_dead,10,single,12,false,20000,4,2482,0
first_dead,10,failover,12,true,960,15,5486,1
first_dead,10,single,13,false,20000,4,2482,0
first_dead,10,failover,13,true,1460,18,6849,1
first_dead,10,single,14,false,20000,4,2482,0
first_dead,10,failover,14,true,960,15,5486,1
first_dead,10,single,15,false,20000,4,2482,0
first_dead,10,failover,15,true,960,15,5486,1
first_dead,10,single,16,false,20000,4,2482,0
first_dead,10,failover,16,true,1160,16,5960,1
first_dead,10,single,17,false,20000,4,2482,0
first_dead,10,failover,17,true,960,15,5486,1
first_dead,10,single,18,false,20000,4,2482,0
first_dead,10,failover,18,true,4660,22,8358,1
first_dead,10,single,19,false,20000,4,2482,0
first_dead,10,failover,19,true,1460,20,7458,1
first_dead,10,single,20,false,20000,4,2482,0
first_dead,10,failover,20,true,2460,18,7115,1
first_dead,10,single,21,false,20000,4,2482,0
first_dead,10,failover,21,true,1460,18,6849,1
first_dead,10,single,22,false,20000,4,2482,0
first_dead,10,failover,22,true,960,15,5486,1
first_dead,10,single,23,false,20000,4,2482,0
first_dead,10,failover,23,true,1360,17,6313,1
first_dead,10,single,24,false,20000,4,2482,0
first_dead,10,failover,24,true,960,15,5486,1
first_dead,10,single,25,false,20000,4,2482,0
first_dead,10,failover,25,true,960,15,5486,1
first_dead,10,single,26,false,20000,4,2482,0
first_dead,10,failover,26,true,1660,19,7288,1
first_dead,10,single,27,false,20000,4,2482,0
first_dead,10,failover,27,true,1460,17,6520,1
first_dead,10,single,28,false,20000,4,2482,0
first_dead,10,failover,28,true,1160,16,5960,1
first_dead,10,single,29,false,20000,4,2482,0
first_dead,10,failover,29,true,1160,16,6046,1
first_dead,10,single,30,false,20000,4,2482,0
first_dead,10,failover,30,true,1360,17,6520,1
first_dead,10,single,31,false,20000,4,2482,0
first_dead,10,failover,31,true,1660,21,7881,1
first_dead,10,single,32,false,20000,4,2482,0
first_dead,10,failover,32,true,1360,17,6520,1
first_dead,10,single,33,false,20000,4,2482,0
first_dead,10,failover,33,true,960,15,5486,1
first_dead,10,single,34,false,20000,4,2482,0
first_dead,10,failover,34,true,1160,16,5839,1
first_dead,10,single,35,false,20000,4,2482,0
first_dead,10,failover,35,true,960,15,5486,1
first_dead,10,single,36,false,20000,4,2482,0
first_dead,10,failover,36,true,960,15,5486,1
first_dead,10,single,37,false,20000,4,2482,0
first_dead,10,failover,37,true,960,15,5486,1
first_dead,10,single,38,false,20000,4,2482,0
first_dead,10,failover,38,true,1660,18,6873,1
first_dead,10,single,39,false,20000,4,2482,0
first_dead,10,failover,39,true,1760,19,7468,1
first_dead,10,single,40,false,20000,4,2482,0
first_dead,10,failover,40,true,1160,16,5960,1
first_dead,10,single,41,false,20000,4,2482,0
first_dead,10,failover,41,true,960,15,5486,1
first_dead,10,single,42,false,20000,4,2482,0
first_dead,10,failover,42,true,960,15,5486,1
first_dead,10,single,43,false,20000,4,2482,0
first_dead,10,failover,43,true,1660,19,7081,1
first_dead,10,single,44,false,20000,4,2482,0
first_dead,10,failover,44,true,960,15,5486,1
first_dead,10,single,45,false,20000,4,2482,0
first_dead,10,failover,45,true,960,15,5486,1
first_dead,10,single,46,false,20000,4,2482,0
first_dead,10,failover,46,true,1460,20,7458,1
first_dead,10,single,47,false,20000,4,2482,0
first_dead,10,failover,47,true,1460,18,6849,1
first_dead,10,single,48,false,20000,4,2482,0
first_dead,10,failover,48,true,960,15,5486,1
first_dead,10,single,49,false,20000,4,2482,0
first_dead,10,failover,49,true,2460,19,7371,1
first_dead,10,single,50,false,20000,4,2482,0
first_dead,10,failover,50,true,960,15,5486,1
first_dead,10,single,51,false,20000,4,2482,0
first_dead,10,failover,51,true,960,15,5486,1
first_dead,10,single,52,false,20000,4,2482,0
first_dead,10,failover,52,true,960,15,5486,1
first_dead,10,single,53,false,20000,4,2482,0
first_dead,10,failover,53,true,1160,16,5960,1
first_dead,10,single,54,false,20000,4,2482,0
first_dead,10,failover,54,true,1460,17,6520,1
first_dead,10,single,55,false,20000,4,2482,0
first_dead,10,failover,55,true,1160,18,6518,1
first_dead,10,single,56,false,20000,4,2482,0
first_dead,10,failover,56,true,1460,19,7199,1
first_dead,10,single,57,false,20000,4,2482,0
first_dead,10,failover,57,true,960,15,5486,1
first_dead,10,single,58,false,20000,4,2482,0
first_dead,10,failover,58,true,1960,19,7202,1
first_dead,10,single,59,false,20000,4,2482,0
first_dead,10,failover,59,true,960,15,5486,1
first_dead,10,single,60,false,20000,4,2482,0
first_dead,10,failover,60,true,1360,17,6399,1
first_dead,10,single,61,false,20000,4,2482,0
first_dead,10,failover,61,true,1460,18,6728,1
first_dead,10,single,62,false,20000,4,2482,0
first_dead,10,failover,62,true,2060,19,7468,1
first_dead,10,single,63,false,20000,4,2482,0
first_dead,10,failover,63,true,960,15,5486,1
first_dead,10,single,64,false,20000,4,2482,0
first_dead,10,failover,64,true,1360,17,6399,1
first_dead,10,single,65,false,20000,4,2482,0
first_dead,10,failover,65,true,1160,16,6046,1
first_dead,10,single,66,false,20000,4,2482,0
first_dead,10,failover,66,true,1660,19,7202,1
first_dead,10,single,67,false,20000,4,2482,0
first_dead,10,failover,67,true,1160,16,6046,1
first_dead,10,single,68,false,20000,4,2482,0
first_dead,10,failover,68,true,1660,18,7080,1
first_dead,10,single,69,false,20000,4,2482,0
first_dead,10,failover,69,true,1360,17,6313,1
first_dead,10,single,70,false,20000,4,2482,0
first_dead,10,failover,70,true,1960,18,6994,1
first_dead,10,single,71,false,20000,4,2482,0
first_dead,10,failover,71,true,1460,17,6520,1
first_dead,10,single,72,false,20000,4,2482,0
first_dead,10,failover,72,true,1460,19,7320,1
first_dead,10,single,73,false,20000,4,2482,0
first_dead,10,failover,73,true,960,15,5486,1
first_dead,10,single,74,false,20000,4,2482,0
first_dead,10,failover,74,true,2460,19,7371,1
first_dead,10,single,75,false,20000,4,2482,0
first_dead,10,failover,75,true,1160,18,6518,1
first_dead,10,single,76,false,20000,4,2482,0
first_dead,10,failover,76,true,2460,20,7579,1
first_dead,10,single,77,false,20000,4,2482,0
first_dead,10,failover,77,true,960,15,5486,1
first_dead,10,single,78,false,20000,4,2482,0
first_dead,10,failover,78,true,1160,16,6046,1
first_dead,10,single,79,false,20000,4,2482,0
first_dead,10,failover,79,true,1160,16,6046,1
first_dead,10,single,80,false,20000,4,2482,0
first_dead,10,failover,80,true,1160,16,5839,1
first_dead,10,single,81,false,20000,4,2482,0
first_dead,10,failover,81,true,1460,18,6849,1
first_dead,10,single,82,false,20000,4,2482,0
first_dead,10,failover,82,true,1160,16,6046,1
first_dead,10,single,83,false,20000,4,2482,0
first_dead,10,failover,83,true,960,15,5486,1
first_dead,10,single,84,false,20000,4,2482,0
first_dead,10,failover,84,true,960,15,5486,1
first_dead,10,single,85,false,20000,4,2482,0
first_dead,10,failover,85,true,960,15,5486,1
first_dead,10,single,86,false,20000,4,2482,0
first_dead,10,failover,86,true,960,15,5486,1
first_dead,10,single,87,false,20000,4,2482,0
first_dead,10,failover,87,true,960,15,5486,1
first_dead,10,single,88,false,20000,4,2482,0
first_dead,10,failover,88,true,960,15,5486,1
first_dead,10,single,89,false,20000,4,2482,0
first_dead,10,failover,89,true,960,15,5486,1
first_dead,10,single,90,false,20000,4,2482,0
first_dead,10,failover,90,true,960,15,5486,1
first_dead,10,single,91,false,20000,4,2482,0
first_dead,10,failover,91,true,2660,20,7692,1
first_dead,10,single,92,false,20000,4,2482,0
first_dead,10,failover,92,true,960,15,5486,1
first_dead,10,single,93,false,20000,4,2482,0
first_dead,10,failover,93,true,960,15,5486,1
first_dead,10,single,94,false,20000,4,2482,0
first_dead,10,failover,94,true,960,15,5486,1
first_dead,10,single,95,false,20000,4,2482,0
first_dead,10,failover,95,true,3060,20,8079,1
first_dead,10,single,96,false,20000,4,2482,0
first_dead,10,failover,96,true,1460,18,6728,1
first_dead,10,single,97,false,20000,4,2482,0
first_dead,10,failover,97,true,960,15,5486,1
first_dead,10,single,98,false,20000,4,2482,0
first_dead,10,failover,98,true,960,15,5486,1
first_dead,10,single,99,false,20000,4,2482,0
first_dead,10,failover,99,false,20000,14,6155,0
first_dead,30,single,0,false,20000,4,2482,0
first_dead,30,failover,0,false,20000,12,5473,0
first_dead,30,single,1,false,20000,4,2482,0
first_dead,30,failover,1,true,1860,19,7347,1
first_dead,30,single,2,false,20000,4,2482,0
first_dead,30,failover,2,false,20000,11,5265,0
first_dead,30,single,3,false,20000,4,2482,0
first_dead,30,failover,3,true,4960,26,9509,1
first_dead,30,single,4,false,20000,4,2482,0
first_dead,30,failover,4,true,1660,18,7201,1
first_dead,30,single,5,false,20000,4,2482,0
first_dead,30,failover,5,true,1660,18,6873,1
first_dead,30,single,6,false,20000,4,2482,0
first_dead,30,failover,6,true,1160,16,5839,1
first_dead,30,single,7,false,20000,4,2482,0
first_dead,30,failover,7,true,3160,26,9995,1
first_dead,30,single,8,false,20000,4,2482,0
first_dead,30,failover,8,true,1660,22,8473,1
first_dead,30,single,9,false,20000,4,2482,0
first_dead,30,failover,9,true,1460,18,6849,1
first_dead,30,single,10,false,20000,4,2482,0
first_dead,30,failover,10,true,3960,28,10951,1
first_dead,30,single,11,false,20000,4,2482,0
first_dead,30,failover,11,false,20000,12,5473,0
first_dead,30,single,12,false,20000,4,2482,0
first_dead,30,failover,12,false,20000,17,7587,1
first_dead,30,single,13,false,20000,4,2482,0
first_dead,30,failover,13,true,5160,26,10084,1
first_dead,30,single,14,false,20000,4,2482,0
first_dead,30,failover,14,true,1560,19,7554,1
first_dead,30,single,15,false,20000,4,2482,0
first_dead,30,failover,15,true,2460,18,7115,1
first_dead,30,single,16,false,20000,4,2482,0
first_dead,30,failover,16,false,20000,23,10205,1
first_dead,30,single,17,false,20000,4,2482,0
first_dead,30,failover,17,true,2060,21,8284,1
first_dead,30,single,18,false,20000,4,2482,0
first_dead,30,failover,18,true,5960,26,9681,1
first_dead,30,single,19,false,20000,4,2482,0
first_dead,30,failover,19,true,1460,21,7811,1
first_dead,30,single,20,false,20000,4,2482,0
first_dead,30,failover,20,false,20000,11,5265,0
first_dead,30,single,21,false,20000,4,2482,0
first_dead,30,failover,21,true,1660,19,7202,1
first_dead,30,single,22,false,20000,4,2482,0
first_dead,30,failover,22,true,4660,22,8613,1
first_dead,30,single,23,false,20000,4,2482,0
first_dead,30,failover,23,true,1360,17,6313,1
first_dead,30,single,24,false,20000,4,2482,0
first_dead,30,failover,24,true,4560,22,9731,1
first_dead,30,single,25,false,20000,4,2482,0
first_dead,30,failover,25,true,960,15,5486,1
first_dead,30,single,26,false,20000,4,2482,0
first_dead,30,failover,26,true,3160,21,8236,1
first_dead,30,single,27,false,20000,4,2482,0
first_dead,30,failover,27,true,1960,18,6994,1
first_dead,30,single,28,false,20000,4,2482,0
first_dead,30,failover,28,true,1160,16,5960,1
first_dead,30,single,29,false,20000,4,2482,0
first_dead,30,failover,29,true,3060,21,8991,1
first_dead,30,single,30,false,20000,4,2482,0
first_dead,30,failover,30,true,2860,25,9645,1
first_dead,30,single,31,false,20000,4,2482,0
first_dead,30,failover,31,true,4160,26,10151,1
first_dead,30,single,32,false,20000,4,2482,0
first_dead,30,failover,32,false,20000,8,4964,0
first_dead,30,single,33,false,20000,4,2482,0
first_dead,30,failover,33,true,3060,23,8797,1
first_dead,30,single,34,false,20000,4,2482,0
first_dead,30,failover,34,true,6560,26,10436,1
first_dead,30,single,35,false,20000,4,2482,0
first_dead,30,failover,35,true,4660,23,8759,1
first_dead,30,single,36,false,20000,4,2482,0
first_dead,30,failover,36,true,1160,16,6046,1
first_dead,30,single,37,false,20000,4,2482,0
first_dead,30,failover,37,false,20000,23,9068,1
first_dead,30,single,38,false,20000,4,2482,0
first_dead,30,failover,38,true,2060,19,7484,1
first_dead,30,single,39,false,20000,4,2482,0
first_dead,30,failover,39,false,20000,12,5825,0
first_dead,30,single,40,false,20000,4,2482,0
first_dead,30,failover,40,true,2660,19,7637,1
first_dead,30,single,41,false,20000,4,2482,0
first_dead,30,failover,41,false,20000,23,9423,1
first_dead,30,single,42,false,20000,4,2482,0
first_dead,30,failover,42,true,1360,17,6313,1
first_dead,30,single,43,false,20000,4,2482,0
first_dead,30,failover,43,true,2460,23,9818,1
first_dead,30,single,44,false,20000,4,2482,0
first_dead,30,failover,44,true,1160,18,6518,1
first_dead,30,single,45,false,20000,4,2482,0
first_dead,30,failover,45,true,960,15,5486,1
first_dead,30,single,46,false,20000,4,2482,0
first_dead,30,failover,46,true,1460,21,7811,1
first_dead,30,single,47,false,20000,4,2482,0
first_dead,30,failover,47,true,1960,22,8089,1
first_dead,30,single,48,false,20000,4,2482,0
first_dead,30,failover,48,false,20000,17,7988,0
first_dead,30,single,49,false,20000,4,2482,0
first_dead,30,failover,49,true,2660,24,9717,1
first_dead,30,single,50,false,20000,4,2482,0
first_dead,30,failover,50,true,960,15,5486,1
first_dead,30,single,51,false,20000,4,2482,0
first_dead,30,failover,51,false,20000,12,5473,0
first_dead,30,single,52,false,20000,4,2482,0
first_dead,30,failover,52,true,3060,23,9111,1
first_dead,30,single,53,false,20000,4,2482,0
first_dead,30,failover,53,false,20000,8,4964,0
first_dead,30,single,54,false,20000,4,2482,0
first_dead,30,failover,54,true,4660,22,8406,1
first_dead,30,single,55,false,20000,4,2482,0
first_dead,30,failover,55,true,1660,23,8353,1
first_dead,30,single,56,false,20000,4,2482,0
first_dead,30,failover,56,true,5060,26,10818,1
first_dead,30,single,57,false,20000,4,2482,0
first_dead,30,failover,57,false,20000,22,8713,1
first_dead,30,single,58,false,20000,4,2482,0
first_dead,30,failover,58,true,6360,25,9965,1
first_dead,30,single,59,false,20000,4,2482,0
first_dead,30,failover,59,true,1660,20,7821,1
first_dead,30,single,60,false,20000,4,2482,0
first_dead,30,failover,60,true,3160,23,9036,1
first_dead,30,single,61,false,20000,4,2482,0
first_dead,30,failover,61,true,1460,18,6728,1
first_dead,30,single,62,false,20000,4,2482,0
first_dead,30,failover,62,true,1760,21,8475,1
first_dead,30,single,63,false,20000,4,2482,0
first_dead,30,failover,63,true,960,15,5486,1
first_dead,30,single,64,false,20000,4,2482,0
first_dead,30,failover,64,true,1360,19,7129,1
first_dead,30,single,65,false,20000,4,2482,0
first_dead,30,failover,65,true,1160,16,6046,1
first_dead,30,single,66,false,20000,4,2482,0
first_dead,30,failover,66,true,2660,20,7676,1
first_dead,30,single,67,false,20000,4,2482,0
first_dead,30,failover,67,true,1960,20,8662,1
first_dead,30,single,68,false,20000,4,2482,0
first_dead,30,failover,68,true,2360,20,7907,1
first_dead,30,single,69,false,20000,4,2482,0
first_dead,30,failover,69,true,1560,19,7554,1
first_dead,30,single,70,false,20000,4,2482,0
first_dead,30,failover,70,false,20000,22,8479,1
first_dead,30,single,71,false,20000,4,2482,0
first_dead,30,failover,71,true,2960,26,9769,1
first_dead,30,single,72,false,20000,4,2482,0
first_dead,30,failover,72,true,3960,24,9174,1
first_dead,30,single,73,false,20000,4,2482,0
first_dead,30,failover,73,true,1460,21,8077,1
first_dead,30,single,74,false,20000,4,2482,0
first_dead,30,failover,74,true,3160,22,8406,1
first_dead,30,single,75,false,20000,4,2482,0
first_dead,30,failover,75,true,2460,23,9291,1
first_dead,30,single,76,false,20000,4,2482,0
first_dead,30,failover,76,true,8560,26,10439,1
first_dead,30,single,77,false,20000,4,2482,0
first_dead,30,failover,77,true,1460,20,7407,1
first_dead,30,single,78,false,20000,4,2482,0
first_dead,30,failover,78,true,1160,16,6046,1
first_dead,30,single,79,false,20000,4,2482,0
first_dead,30,failover,79,false,20000,14,6507,0
first_dead,30,single,80,false,20000,4,2482,0
first_dead,30,failover,80,true,2660,19,7468,1
first_dead,30,single,81,false,20000,4,2482,0
first_dead,30,failover,81,false,20000,25,10425,1
first_dead,30,single,82,false,20000,4,2482,0
first_dead,30,failover,82,true,4560,24,10668,1
first_dead,30,single,83,false,20000,4,2482,0
first_dead,30,failover,83,false,20000,15,6360,0
first_dead,30,single,84,false,20000,4,2482,0
first_dead,30,failover,84,true,2360,19,8516,1
first_dead,30,single,85,false,20000,4,2482,0
first_dead,30,failover,85,true,1460,23,8471,1
first_dead,30,single,86,false,20000,4,2482,0
first_dead,30,failover,86,true,5860,24,9443,1
first_dead,30,single,87,false,20000,4,2482,0
first_dead,30,failover,87,true,1660,24,9082,1
first_dead,30,single,88,false,20000,4,2482,0
first_dead,30,failover,88,true,4360,22,9938,1
first_dead,30,single,89,false,20000,4,2482,0
first_dead,30,failover,89,true,960,15,5486,1
first_dead,30,single,90,false,20000,4,2482,0
first_dead,30,failover,90,true,2560,23,9630,1
first_dead,30,single,91,false,20000,4,2482,0
first_dead,30,failover,91,true,2360,23,10073,1
first_dead,30,single,92,false,20000,4,2482,0
first_dead,30,failover,92,true,1460,18,6849,1
first_dead,30,single,93,false,20000,4,2482,0
first_dead,30,failover,93,true,1160,16,5960,1
first_dead,30,single,94,false,20000,4,2482,0
first_dead,30,failover,94,true,2460,19,7323,1
first_dead,30,single,95,false,20000,4,2482,0
first_dead,30,failover,95,true,5060,22,8761,1
first_dead,30,single,96,false,20000,4,2482,0
first_dead,30,failover,96,true,2060,20,7676,1
first_dead,30,single,97,false,20000,4,2482,0
first_dead,30,failover,97,true,4660,24,9182,1
first_dead,30,single,98,false,20000,4,2482,0
first_dead,30,failover,98,true,1460,20,8001,1
first_dead,30,single,99,false,20000,4,2482,0
first_dead,30,failover,99,false,20000,12,5473,0
first_return_broken,0,single,0,false,20000,18,6496,1
first_return_broken,0,failover,0,true,960,26,8433,1
first_return_broken,0,single,1,false,20000,18,6496,1
first_return_broken,0,failover,1,true,960,26,8433,1
first_return_broken,0,single,2,false,20000,18,6496,1
first_return_broken,0,failover,2,true,960,26,8433,1
first_return_broken,0,single,3,false,20000,18,6496,1
first_return_broken,0,failover,3,true,960,26,8433,1
first_return_broken,0,single,4,false,20000,18,6496,1
first_return_broken,0,failover,4,true,960,26,8433,1
first_return_broken,0,single,5,false,20000,18,6496,1
first_return_broken,0,failover,5,true,960,26,8433,1
first_return_broken,0,single,6,false,20000,18,6496,1
first_return_broken,0,failover,6,true,960,26,8433,1
first_return_broken,0,single,7,false,20000,18,6496,1
first_return_broken,0,failover,7,true,960,26,8433,1
first_return_broken,0,single,8,false,20000,18,6496,1
first_return_broken,0,failover,8,true,960,26,8433,1
first_return_broken,0,single,9,false,20000,18,6496,1
first_return_broken,0,failover,9,true,960,26,8433,1
first_return_broken,0,single,10,false,20000,18,6496,1
first_return_broken,0,failover,10,true,960,26,8433,1
first_return_broken,0,single,11,false,20000,18,6496,1
first_return_broken,0,failover,11,true,960,26,8433,1
first_return_broken,0,single,12,false,20000,18,6496,1
first_return_broken,0,failover,12,true,960,26,8433,1
first_return_broken,0,single,13,false,20000,18,6496,1
first_return_broken,0,failover,13,true,960,26,8433,1
first_return_broken,0,single,14,false,20000,18,6496,1
first_return_broken,0,failover,14,true,960,26,8433,1
first_return_broken,0,single,15,false,20000,18,6496,1
first_return_broken,0,failover,15,true,960,26,8433,1
first_return_broken,0,single,16,false,20000,18,6496,1
first_return_broken,0,failover,16,true,960,26,8433,1
first_return_broken,0,single,17,false,20000,18,6496,1
first_return_broken,0,failover,17,true,960,26,8433,1
first_return_broken,0,single,18,false,20000,18,6496,1
first_return_broken,0,failover,18,true,960,26,8433,1
first_return_broken,0,single,19,false,20000,18,6496,1
first_return_broken,0,failover,19,true,960,26,8433,1
first_return_broken,0,single,20,false,20000,18,6496,1
first_return_broken,0,failover,20,true,960,26,8433,1
first_return_broken,0,single,21,false,20000,18,6496,1
first_return_broken,0,failover,21,true,960,26,8433,1
first_return_broken,0,single,22,false,20000,18,6496,1
first_return_broken,0,failover,22,true,960,26,8433,1
first_return_broken,0,single,23,false,20000,18,6496,1
first_return_broken,0,failover,23,true,960,26,8433,1
first_return_broken,0,single,24,false,20000,18,6496,1
first_return_broken,0,failover,24,true,960,26,8433,1
first_return_broken,0,single,25,false,20000,18,6496,1
first_return_broken,0,failover,25,true,960,26,8433,1
first_return_broken,0,single,26,false,20000,18,6496,1
first_return_broken,0,failover,26,true,960,26,8433,1
first_return_broken,0,single,27,false,20000,18,6496,1
first_return_broken,0,failover,27,true,960,26,8433,1
first_return_broken,0,single,28,false,20000,18,6496,1
first_return_broken,0,failover,28,true,960,26,8433,1
first_return_broken,0,single,29,false,20000,18,6496,1
first_return_broken,0,failover,29,true,960,26,8433,1
first_return_broken,0,single,30,false,20000,18,6496,1
first_return_broken,0,failover,30,true,960,26,8433,1
first_return_broken,0,single,31,false,20000,18,6496,1
first_return_broken,0,failover,31,true,960,26,8433,1
first_return_broken,0,single,32,false,20000,18,6496,1
first_return_broken,0,failover,32,true,960,26,8433,1
first_return_broken,0,single,33,false,20000,18,6496,1
first_return_broken,0,failover,33,true,960,26,8433,1
first_return_broken,0,single,34,false,20000,18,6496,1
first_return_broken,0,failover,34,true,960,26,8433,1
first_return_broken,0,single,35,false,20000,18,6496,1
first_return_broken,0,failover,35,true,960,26,8433,1
first_return_broken,0,single,36,false,20000,18,6496,1
first_return_broken,0,failover,36,true,960,26,8433,1
first_return_broken,0,single,37,false,20000,18,6496,1
first_return_broken,0,failover,37,true,960,26,8433,1
first_return_broken,0,single,38,false,20000,18,6496,1
first_return_broken,0,failover,38,true,960,26,8433,1
first_return_broken,0,single,39,false,20000,18,6496,1
first_return_broken,0,failover,39,true,960,26,8433,1
first_return_broken,0,single,40,false,20000,18,6496,1
first_return_broken,0,failover,40,true,960,26,8433,1
first_return_broken,0,single,41,false,20000,18,6496,1
first_return_broken,0,failover,41,true,960,26,8433,1
first_return_broken,0,single,42,false,20000,18,6496,1
first_return_broken,0,failover,42,true,960,26,8433,1
first_return_broken,0,single,43,false,20000,18,6496,1
first_return_broken,0,failover,43,true,960,26,8433,1
first_return_broken,0,single,44,false,20000,18,6496,1
first_return_broken,0,failover,44,true,960,26,8433,1
first_return_broken,0,single,45,false,20000,18,6496,1
first_return_broken,0,failover,45,true,960,26,8433,1
first_return_broken,0,single,46,false,20000,18,6496,1
first_return_broken,0,failover,46,true,960,26,8433,1
first_return_broken,0,single,47,false,20000,18,6496,1
first_return_broken,0,failover,47,true,960,26,8433,1
first_return_broken,0,single,48,false,20000,18,6496,1
first_return_broken,0,failover,48,true,960,26,8433,1
first_return_broken,0,single,49,false,20000,18,6496,1
first_return_broken,0,failover,49,true,960,26,8433,1
first_return_broken,0,single,50,false,20000,18,6496,1
first_return_broken,0,failover,50,true,960,26,8433,1
first_return_broken,0,single,51,false,20000,18,6496,1
first_return_broken,0,failover,51,true,960,26,8433,1
first_return_broken,0,single,52,false,20000,18,6496,1
first_return_broken,0,failover,52,true,960,26,8433,1
first_return_broken,0,single,53,false,20000,18,6496,1
first_return_broken,0,failover,53,true,960,26,8433,1
first_return_broken,0,single,54,false,20000,18,6496,1
first_return_broken,0,failover,54,true,960,26,8433,1
first_return_broken,0,single,55,false,20000,18,6496,1
first_return_broken,0,failover,55,true,960,26,8433,1
first_return_broken,0,single,56,false,20000,18,6496,1
first_return_broken,0,failover,56,true,960,26,8433,1
first_return_broken,0,single,57,false,20000,18,6496,1
first_return_broken,0,failover,57,true,960,26,8433,1
first_return_broken,0,single,58,false,20000,18,6496,1
first_return_broken,0,failover,58,true,960,26,8433,1
first_return_broken,0,single,59,false,20000,18,6496,1
first_return_broken,0,failover,59,true,960,26,8433,1
first_return_broken,0,single,60,false,20000,18,6496,1
first_return_broken,0,failover,60,true,960,26,8433,1
first_return_broken,0,single,61,false,20000,18,6496,1
first_return_broken,0,failover,61,true,960,26,8433,1
first_return_broken,0,single,62,false,20000,18,6496,1
first_return_broken,0,failover,62,true,960,26,8433,1
first_return_broken,0,single,63,false,20000,18,6496,1
first_return_broken,0,failover,63,true,960,26,8433,1
first_return_broken,0,single,64,false,20000,18,6496,1
first_return_broken,0,failover,64,true,960,26,8433,1
first_return_broken,0,single,65,false,20000,18,6496,1
first_return_broken,0,failover,65,true,960,26,8433,1
first_return_broken,0,single,66,false,20000,18,6496,1
first_return_broken,0,failover,66,true,960,26,8433,1
first_return_broken,0,single,67,false,20000,18,6496,1
first_return_broken,0,failover,67,true,960,26,8433,1
first_return_broken,0,single,68,false,20000,18,6496,1
first_return_broken,0,failover,68,true,960,26,8433,1
first_return_broken,0,single,69,false,20000,18,6496,1
first_return_broken,0,failover,69,true,960,26,8433,1
first_return_broken,0,single,70,false,20000,18,6496,1
first_return_broken,0,failover,70,true,960,26,8433,1
first_return_broken,0,single,71,false,20000,18,6496,1
first_return_broken,0,failover,71,true,960,26,8433,1
first_return_broken,0,single,72,false,20000,18,6496,1
first_return_broken,0,failover,72,true,960,26,8433,1
first_return_broken,0,single,73,false,20000,18,6496,1
first_return_broken,0,failover,73,true,960,26,8433,1
first_return_broken,0,single,74,false,20000,18,6496,1
first_return_broken,0,failover,74,true,960,26,8433,1
first_return_broken,0,single,75,false,20000,18,6496,1
first_return_broken,0,failover,75,true,960,26,8433,1
first_return_broken,0,single,76,false,20000,18,6496,1
first_return_broken,0,failover,76,true,960,26,8433,1
first_return_broken,0,single,77,false,20000,18,6496,1
first_return_broken,0,failover,77,true,960,26,8433,1
first_return_broken,0,single,78,false,20000,18,6496,1
first_return_broken,0,failover,78,true,960,26,8433,1
first_return_broken,0,single,79,false,20000,18,6496,1
first_return_broken,0,failover,79,true,960,26,8433,1
first_return_broken,0,single,80,false,20000,18,6496,1
first_return_broken,0,failover,80,true,960,26,8433,1
first_return_broken,0,single,81,false,20000,18,6496,1
first_return_broken,0,failover,81,true,960,26,8433,1
first_return_broken,0,single,82,false,20000,18,6496,1
first_return_broken,0,failover,82,true,960,26,8433,1
first_return_broken,0,single,83,false,20000,18,6496,1
first_return_broken,0,failover,83,true,960,26,8433,1
first_return_broken,0,single,84,false,20000,18,6496,1
first_return_broken,0,failover,84,true,960,26,8433,1
first_return_broken,0,single,85,false,20000,18,6496,1
first_return_broken,0,failover,85,true,960,26,8433,1
first_return_broken,0,single,86,false,20000,18,6496,1
first_return_broken,0,failover,86,true,960,26,8433,1
first_return_broken,0,single,87,false,20000,18,6496,1
first_return_broken,0,failover,87,true,960,26,8433,1
first_return_broken,0,single,88,false,20000,18,6496,1
first_return_broken,0,failover,88,true,960,26,8433,1
first_return_broken,0,single,89,false,20000,18,6496,1
first_return_broken,0,failover,89,true,960,26,8433,1
first_return_broken,0,single,90,false,20000,18,6496,1
first_return_broken,0,failover,90,true,960,26,8433,1
first_return_broken,0,single,91,false,20000,18,6496,1
first_return_broken,0,failover,91,true,960,26,8433,1
first_return_broken,0,single,92,false,20000,18,6496,1
first_return_broken,0,failover,92,true,960,26,8433,1
first_return_broken,0,single,93,false,20000,18,6496,1
first_return_broken,0,failover,93,true,960,26,8433,1
first_return_broken,0,single,94,false,20000,18,6496,1
first_return_broken,0,failover,94,true,960,26,8433,1
first_return_broken,0,single,95,false,20000,18,6496,1
first_return_broken,0,failover,95,true,960,26,8433,1
first_return_broken,0,single,96,false,20000,18,6496,1
first_return_broken,0,failover,96,true,960,26,8433,1
first_return_broken,0,single,97,false,20000,18,6496,1
first_return_broken,0,failover,97,true,960,26,8433,1
first_return_broken,0,single,98,false,20000,18,6496,1
first_return_broken,0,failover,98,true,960,26,8433,1
first_return_broken,0,single,99,false,20000,18,6496,1
first_return_broken,0,failover,99,true,960,26,8433,1
first_return_broken,10,single,0,false,20000,18,6496,1
first_return_broken,10,failover,0,true,1160,27,8786,1
first_return_broken,10,single,1,false,20000,20,6968,1
first_return_broken,10,failover,1,true,1160,29,9258,1
first_return_broken,10,single,2,false,20000,18,6496,1
first_return_broken,10,failover,2,true,1460,29,9707,1
first_return_broken,10,single,3,false,20000,18,6496,1
first_return_broken,10,failover,3,true,1660,32,10742,1
first_return_broken,10,single,4,false,20000,19,7341,1
first_return_broken,10,failover,4,true,960,28,9397,1
first_return_broken,10,single,5,false,20000,19,6849,1
first_return_broken,10,failover,5,true,960,27,8786,1
first_return_broken,10,single,6,false,20000,22,8005,1
first_return_broken,10,failover,6,true,1160,24,8034,1
first_return_broken,10,single,7,false,20000,18,6496,1
first_return_broken,10,failover,7,true,1460,30,9794,1
first_return_broken,10,single,8,false,20000,18,6851,1
first_return_broken,10,failover,8,true,960,25,8435,1
first_return_broken,10,single,9,false,20000,18,6496,1
first_return_broken,10,failover,9,true,1460,30,9915,1
first_return_broken,10,single,10,false,20000,22,8215,1
first_return_broken,10,failover,10,true,2660,34,11822,1
first_return_broken,10,single,11,false,20000,21,7652,1
first_return_broken,10,failover,11,true,960,21,6999,1
first_return_broken,10,single,12,false,20000,18,6940,1
first_return_broken,10,failover,12,true,960,25,8524,1
first_return_broken,10,single,13,false,20000,17,6377,1
first_return_broken,10,failover,13,true,1460,29,9796,1
first_return_broken,10,single,14,false,20000,19,7059,1
first_return_broken,10,failover,14,true,1160,28,9349,1
first_return_broken,10,single,15,false,20000,18,6496,1
first_return_broken,10,failover,15,true,960,26,8433,1
first_return_broken,10,single,16,false,20000,18,6496,1
first_return_broken,10,failover,16,true,1160,27,8907,1
first_return_broken,10,single,17,false,20000,18,6496,1
first_return_broken,10,failover,17,true,960,26,8433,1
first_return_broken,10,single,18,false,20000,18,6496,1
first_return_broken,10,failover,18,true,4660,36,12372,1
first_return_broken,10,single,19,false,20000,17,6377,1
first_return_broken,10,failover,19,true,1660,31,10502,1
first_return_broken,10,single,20,false,20000,18,6496,1
first_return_broken,10,failover,20,true,2460,31,10655,1
first_return_broken,10,single,21,false,20000,18,6496,1
first_return_broken,10,failover,21,true,1460,30,9915,1
first_return_broken,10,single,22,false,20000,17,6377,1
first_return_broken,10,failover,22,true,960,25,8314,1
first_return_broken,10,single,23,false,20000,18,6496,1
first_return_broken,10,failover,23,true,1160,27,8907,1
first_return_broken,10,single,24,false,20000,18,6496,1
first_return_broken,10,failover,24,true,1160,27,8786,1
first_return_broken,10,single,25,false,20000,18,6496,1
first_return_broken,10,failover,25,true,960,26,8433,1
first_return_broken,10,single,26,false,20000,17,6377,1
first_return_broken,10,failover,26,true,1660,31,10709,1
first_return_broken,10,single,27,false,20000,18,6496,1
first_return_broken,10,failover,27,true,1460,29,9586,1
first_return_broken,10,single,28,false,20000,18,6496,1
first_return_broken,10,failover,28,true,1160,27,8907,1
first_return_broken,10,single,29,false,20000,20,6968,1
first_return_broken,10,failover,29,true,1160,29,9465,1
first_return_broken,10,single,30,false,20000,18,6851,1
first_return_broken,10,failover,30,true,1360,28,9822,1
first_return_broken,10,single,31,false,20000,21,7700,1
first_return_broken,10,failover,31,true,1660,36,12151,1
first_return_broken,10,single,32,false,20000,17,6377,1
first_return_broken,10,failover,32,true,1360,27,9348,1
first_return_broken,10,single,33,false,20000,20,7444,1
first_return_broken,10,failover,33,true,960,20,6791,1
first_return_broken,10,single,34,false,20000,19,6849,1
first_return_broken,10,failover,34,true,1160,28,9139,1
first_return_broken,10,single,35,false,20000,20,7323,1
first_return_broken,10,failover,35,true,960,27,8907,1
first_return_broken,10,single,36,false,20000,18,6496,1
first_return_broken,10,failover,36,true,960,26,8433,1
first_return_broken,10,single,37,false,20000,19,6970,1
first_return_broken,10,failover,37,true,960,27,8907,1
first_return_broken,10,single,38,false,20000,20,7533,1
first_return_broken,10,failover,38,true,1660,31,10623,1
first_return_broken,10,single,39,false,20000,18,6496,1
first_return_broken,10,failover,39,true,1560,30,10181,1
first_return_broken,10,single,40,false,20000,22,7916,1
first_return_broken,10,failover,40,true,1160,31,10327,1
first_return_broken,10,single,41,false,20000,18,6851,1
first_return_broken,10,failover,41,true,960,25,8435,1
first_return_broken,10,single,42,false,20000,17,6377,1
first_return_broken,10,failover,42,true,960,26,8433,1
first_return_broken,10,single,43,false,20000,19,7107,1
first_return_broken,10,failover,43,true,1460,33,11353,1
first_return_broken,10,single,44,false,20000,17,6377,1
first_return_broken,10,failover,44,true,960,25,8314,1
first_return_broken,10,single,45,false,20000,19,7059,1
first_return_broken,10,failover,45,true,2660,37,12714,1
first_return_broken,10,single,46,false,20000,18,6496,1
first_return_broken,10,failover,46,true,1660,32,10621,1
first_return_broken,10,single,47,false,20000,19,6970,1
first_return_broken,10,failover,47,true,1660,32,10742,1
first_return_broken,10,single,48,false,20000,20,7226,1
first_return_broken,10,failover,48,true,960,28,9163,1
first_return_broken,10,single,49,false,20000,17,6377,1
first_return_broken,10,failover,49,true,2460,31,10792,1
first_return_broken,10,single,50,false,20000,19,6970,1
first_return_broken,10,failover,50,true,960,26,8554,1
first_return_broken,10,single,51,false,20000,22,7860,1
first_return_broken,10,failover,51,true,960,22,7207,1
first_return_broken,10,single,52,false,20000,18,6730,1
first_return_broken,10,failover,52,true,960,25,8314,1
first_return_broken,10,single,53,false,20000,20,7581,1
first_return_broken,10,failover,53,true,1160,30,10111,1
first_return_broken,10,single,54,false,20000,17,6377,1
first_return_broken,10,failover,54,true,1460,28,9467,1
first_return_broken,10,single,55,false,20000,20,7460,1
first_return_broken,10,failover,55,true,960,27,9044,1
first_return_broken,10,single,56,false,20000,19,6849,1
first_return_broken,10,failover,56,true,1460,32,10618,1
first_return_broken,10,single,57,false,20000,18,6496,1
first_return_broken,10,failover,57,true,960,26,8433,1
first_return_broken,10,single,58,false,20000,19,6849,1
first_return_broken,10,failover,58,true,1960,33,11095,1
first_return_broken,10,single,59,false,20000,21,7652,1
first_return_broken,10,failover,59,true,960,21,6999,1
first_return_broken,10,single,60,false,20000,18,6496,1
first_return_broken,10,failover,60,true,1360,28,9346,1
first_return_broken,10,single,61,false,20000,18,6730,1
first_return_broken,10,failover,61,true,1460,30,10028,1
first_return_broken,10,single,62,false,20000,18,6496,1
first_return_broken,10,failover,62,true,2260,33,11361,1
first_return_broken,10,single,63,false,20000,17,6377,1
first_return_broken,10,failover,63,true,960,25,8314,1
first_return_broken,10,single,64,false,20000,19,6849,1
first_return_broken,10,failover,64,true,1360,29,9699,1
first_return_broken,10,single,65,false,20000,19,6849,1
first_return_broken,10,failover,65,true,1760,32,11110,1
first_return_broken,10,single,66,false,20000,19,6970,1
first_return_broken,10,failover,66,true,1460,31,10389,1
first_return_broken,10,single,67,false,20000,19,6970,1
first_return_broken,10,failover,67,true,1160,28,9467,1
first_return_broken,10,single,68,false,20000,17,6377,1
first_return_broken,10,failover,68,true,1660,30,10501,1
first_return_broken,10,single,69,false,20000,19,6849,1
first_return_broken,10,failover,69,true,1160,28,9260,1
first_return_broken,10,single,70,false,20000,18,6496,1
first_return_broken,10,failover,70,true,1960,31,10534,1
first_return_broken,10,single,71,false,20000,19,6970,1
first_return_broken,10,failover,71,true,1460,30,10060,1
first_return_broken,10,single,72,false,20000,18,6496,1
first_return_broken,10,failover,72,true,1460,31,10386,1
first_return_broken,10,single,73,false,20000,15,6139,1
first_return_broken,10,failover,73,true,1160,25,8548,1
first_return_broken,10,single,74,false,20000,21,7652,1
first_return_broken,10,failover,74,true,2460,34,11593,1
first_return_broken,10,single,75,false,20000,16,6258,1
first_return_broken,10,failover,75,true,1160,28,9346,1
first_return_broken,10,single,76,false,20000,17,6377,1
first_return_broken,10,failover,76,true,2460,32,11000,1
first_return_broken,10,single,77,false,20000,23,8172,1
first_return_broken,10,failover,77,true,960,31,10109,1
first_return_broken,10,single,78,false,20000,21,7442,1
first_return_broken,10,failover,78,true,1160,30,9939,1
first_return_broken,10,single,79,false,20000,18,6730,1
first_return_broken,10,failover,79,true,1160,27,9227,1
first_return_broken,10,single,80,false,20000,19,7107,1
first_return_broken,10,failover,80,true,1160,28,9397,1
first_return_broken,10,single,81,false,20000,20,7581,1
first_return_broken,10,failover,81,true,1460,32,11000,1
first_return_broken,10,single,82,false,20000,17,6377,1
first_return_broken,10,failover,82,true,1160,26,8874,1
first_return_broken,10,single,83,false,20000,19,6970,1
first_return_broken,10,failover,83,true,1160,28,9260,1
first_return_broken,10,single,84,false,20000,17,6377,1
first_return_broken,10,failover,84,true,960,25,8314,1
first_return_broken,10,single,85,false,20000,19,6970,1
first_return_broken,10,failover,85,true,960,26,8554,1
first_return_broken,10,single,86,false,20000,20,7460,1
first_return_broken,10,failover,86,true,960,27,9044,1
first_return_broken,10,single,87,false,20000,18,6496,1
first_return_broken,10,failover,87,true,1160,27,8786,1
first_return_broken,10,single,88,false,20000,18,6496,1
first_return_broken,10,failover,88,true,960,26,8433,1
first_return_broken,10,single,89,false,20000,17,6377,1
first_return_broken,10,failover,89,true,960,25,8314,1
first_return_broken,10,single,90,false,20000,21,7442,1
first_return_broken,10,failover,90,true,960,29,9379,1
first_return_broken,10,single,91,false,20000,21,7918,1
first_return_broken,10,failover,91,true,2660,29,10272,1
first_return_broken,10,single,92,false,20000,18,6496,1
first_return_broken,10,failover,92,true,960,26,8433,1
first_return_broken,10,single,93,false,20000,21,7442,1
first_return_broken,10,failover,93,true,960,29,9379,1
first_return_broken,10,single,94,false,20000,23,8334,1
first_return_broken,10,failover,94,true,960,22,7207,1
first_return_broken,10,single,95,false,20000,21,8055,1
first_return_broken,10,failover,95,true,3060,36,13178,1
first_return_broken,10,single,96,false,20000,18,6496,1
first_return_broken,10,failover,96,true,1460,30,9794,1
first_return_broken,10,single,97,false,20000,20,7226,1
first_return_broken,10,failover,97,true,960,28,9163,1
first_return_broken,10,single,98,false,20000,20,7226,1
first_return_broken,10,failover,98,true,960,28,9163,1
first_return_broken,10,single,99,false,20000,18,6851,1
first_return_broken,10,failover,99,false,20000,28,10524,1
first_return_broken,30,single,0,false,20000,17,6377,1
first_return_broken,30,failover,0,false,20000,25,9368,1
first_return_broken,30,single,1,false,20000,23,8479,1
first_return_broken,30,failover,1,true,1860,26,9334,1
first_return_broken,30,single,2,false,20000,16,6258,1
first_return_broken,30,failover,2,false,20000,23,9041,1
first_return_broken,30,single,3,false,20000,18,6496,1
first_return_broken,30,failover,3,true,5160,41,13997,1
first_return_broken,30,single,4,false,20000,11,5179,0
first_return_broken,30,failover,4,true,1660,24,9424,1
first_return_broken,30,single,5,false,20000,4,2482,0
first_return_broken,30,failover,5,true,1660,18,6873,1
first_return_broken,30,single,6,false,20000,24,8953,1
first_return_broken,30,failover,6,true,1160,21,7233,1
first_return_broken,30,single,7,false,20000,24,9219,1
first_return_broken,30,failover,7,true,3160,35,12575,1
first_return_broken,30,single,8,false,20000,18,7085,1
first_return_broken,30,failover,8,true,2960,38,13943,1
first_return_broken,30,single,9,false,20000,18,6851,1
first_return_broken,30,failover,9,true,1460,30,10270,1
first_return_broken,30,single,10,false,20000,13,5151,0
first_return_broken,30,failover,10,true,3960,37,13620,1
first_return_broken,30,single,11,false,20000,22,8852,1
first_return_broken,30,failover,11,false,20000,30,11843,1
first_return_broken,30,single,12,false,20000,19,7414,1
first_return_broken,30,failover,12,false,20000,32,12519,1
first_return_broken,30,single,13,false,20000,21,8007,1
first_return_broken,30,failover,13,true,5160,42,15135,1
first_return_broken,30,single,14,false,20000,20,7622,1
first_return_broken,30,failover,14,true,1560,28,10312,1
first_return_broken,30,single,15,false,20000,21,7652,1
first_return_broken,30,failover,15,true,2660,34,11690,1
first_return_broken,30,single,16,false,20000,17,6377,1
first_return_broken,30,failover,16,false,20000,35,13723,1
first_return_broken,30,single,17,false,20000,17,6377,1
first_return_broken,30,failover,17,true,2260,34,12058,1
first_return_broken,30,single,18,false,20000,22,8360,1
first_return_broken,30,failover,18,true,5960,43,15085,1
first_return_broken,30,single,19,false,20000,23,8390,1
first_return_broken,30,failover,19,true,1660,36,12041,1
first_return_broken,30,single,20,false,20000,18,6496,1
first_return_broken,30,failover,20,false,20000,25,9279,1
first_return_broken,30,single,21,false,20000,22,8053,1
first_return_broken,30,failover,21,true,1460,34,11472,1
first_return_broken,30,single,22,false,20000,20,7888,1
first_return_broken,30,failover,22,true,4660,36,13071,1
first_return_broken,30,single,23,false,20000,19,7680,1
first_return_broken,30,failover,23,true,1360,21,7499,1
first_return_broken,30,single,24,false,20000,16,6258,1
first_return_broken,30,failover,24,true,5160,36,14471,1
first_return_broken,30,single,25,false,20000,19,7325,1
first_return_broken,30,failover,25,true,1160,29,9941,1
first_return_broken,30,single,26,false,20000,17,6377,1
first_return_broken,30,failover,26,true,3360,34,12010,1
first_return_broken,30,single,27,false,20000,19,7341,1
first_return_broken,30,failover,27,true,1960,31,10905,1
first_return_broken,30,single,28,false,20000,18,6496,1
first_return_broken,30,failover,28,true,1160,27,8907,1
first_return_broken,30,single,29,false,20000,22,8190,1
first_return_broken,30,failover,29,true,3060,38,14225,1
first_return_broken,30,single,30,false,20000,23,8390,1
first_return_broken,30,failover,30,true,2860,43,15079,1
first_return_broken,30,single,31,false,20000,22,8174,1
first_return_broken,30,failover,31,true,4160,43,15369,1
first_return_broken,30,single,32,false,20000,16,6258,1
first_return_broken,30,failover,32,false,20000,20,8740,1
first_return_broken,30,single,33,false,20000,19,7535,1
first_return_broken,30,failover,33,true,3060,30,10784,1
first_return_broken,30,single,34,false,20000,26,9513,1
first_return_broken,30,failover,34,true,5960,46,16503,1
first_return_broken,30,single,35,false,20000,22,8408,1
first_return_broken,30,failover,35,true,4660,40,14211,1
first_return_broken,30,single,36,false,20000,17,6377,1
first_return_broken,30,failover,36,true,1360,28,9346,1
first_return_broken,30,single,37,false,20000,20,7444,1
first_return_broken,30,failover,37,false,20000,39,14030,1
first_return_broken,30,single,38,false,20000,13,5151,0
first_return_broken,30,failover,38,true,2060,26,9471,1
first_return_broken,30,single,39,false,20000,19,6849,1
first_return_broken,30,failover,39,false,20000,27,10192,1
first_return_broken,30,single,40,false,20000,21,8426,1
first_return_broken,30,failover,40,true,2660,35,13107,1
first_return_broken,30,single,41,false,20000,20,7533,1
first_return_broken,30,failover,41,false,20000,39,14474,1
first_return_broken,30,single,42,false,20000,18,6851,1
first_return_broken,30,failover,42,true,1360,29,9734,1
first_return_broken,30,single,43,false,20000,21,7934,1
first_return_broken,30,failover,43,true,2260,41,15171,1
first_return_broken,30,single,44,false,20000,22,9182,1
first_return_broken,30,failover,44,true,1160,27,9606,1
first_return_broken,30,single,45,false,20000,19,7059,1
first_return_broken,30,failover,45,true,2660,37,12714,1
first_return_broken,30,single,46,false,20000,22,8174,1
first_return_broken,30,failover,46,true,1460,27,9235,1
first_return_broken,30,single,47,false,20000,18,6851,1
first_return_broken,30,failover,47,true,2560,37,12948,1
first_return_broken,30,single,48,false,20000,12,4943,0
first_return_broken,30,failover,48,false,20000,25,10449,0
first_return_broken,30,single,49,false,20000,21,7886,1
first_return_broken,30,failover,49,true,3260,42,15611,1
first_return_broken,30,single,50,false,20000,20,7678,1
first_return_broken,30,failover,50,true,960,26,8788,1
first_return_broken,30,single,51,false,20000,11,5050,0
first_return_broken,30,failover,51,false,20000,19,8041,0
first_return_broken,30,single,52,false,20000,21,8152,1
first_return_broken,30,failover,52,true,3060,31,11572,1
first_return_broken,30,single,53,false,20000,20,7936,1
first_return_broken,30,failover,53,false,20000,24,10418,1
first_return_broken,30,single,54,false,20000,17,6377,1
first_return_broken,30,failover,54,true,4460,36,12678,1
first_return_broken,30,single,55,false,20000,24,9227,1
first_return_broken,30,failover,55,true,1660,34,11631,1
first_return_broken,30,single,56,false,20000,18,6730,1
first_return_broken,30,failover,56,true,5260,41,15419,1
first_return_broken,30,single,57,false,20000,17,6377,1
first_return_broken,30,failover,57,false,20000,35,12608,1
first_return_broken,30,single,58,false,20000,18,7246,1
first_return_broken,30,failover,58,true,4960,41,15322,1
first_return_broken,30,single,59,false,20000,15,5833,0
first_return_broken,30,failover,59,true,1660,28,10016,1
first_return_broken,30,single,60,false,20000,19,7680,1
first_return_broken,30,failover,60,true,3160,30,11378,1
first_return_broken,30,single,61,false,20000,21,7934,1
first_return_broken,30,failover,61,true,1460,33,11232,1
first_return_broken,30,single,62,false,20000,21,8273,1
first_return_broken,30,failover,62,true,1760,30,11410,1
first_return_broken,30,single,63,false,20000,21,7886,1
first_return_broken,30,failover,63,true,1160,28,9349,1
first_return_broken,30,single,64,false,20000,18,6730,1
first_return_broken,30,failover,64,true,1560,31,10733,1
first_return_broken,30,single,65,false,20000,14,5625,0
first_return_broken,30,failover,65,true,1160,22,7559,1
first_return_broken,30,single,66,false,20000,19,7325,1
first_return_broken,30,failover,66,true,2460,33,11692,1
first_return_broken,30,single,67,false,20000,17,7466,1
first_return_broken,30,failover,67,true,1960,25,10548,1
first_return_broken,30,single,68,false,20000,21,7789,1
first_return_broken,30,failover,68,true,2160,35,12387,1
first_return_broken,30,single,69,false,20000,15,5833,0
first_return_broken,30,failover,69,true,1560,26,9275,1
first_return_broken,30,single,70,false,20000,22,7916,1
first_return_broken,30,failover,70,false,20000,40,13913,1
first_return_broken,30,single,71,false,20000,23,8430,1
first_return_broken,30,failover,71,true,3160,42,14650,1
first_return_broken,30,single,72,false,20000,17,6377,1
first_return_broken,30,failover,72,true,3960,37,13069,1
first_return_broken,30,single,73,false,20000,20,7767,1
first_return_broken,30,failover,73,true,1460,25,9352,1
first_return_broken,30,single,74,false,20000,23,8568,1
first_return_broken,30,failover,74,true,3160,29,10482,1
first_return_broken,30,single,75,false,20000,18,7206,1
first_return_broken,30,failover,75,true,2460,35,13067,1
first_return_broken,30,single,76,false,20000,16,6774,1
first_return_broken,30,failover,76,true,7960,36,13767,1
first_return_broken,30,single,77,false,20000,4,2482,0
first_return_broken,30,failover,77,true,1460,20,7407,1
first_return_broken,30,single,78,false,20000,23,8527,1
first_return_broken,30,failover,78,true,1160,27,9348,1
first_return_broken,30,single,79,false,20000,19,7204,1
first_return_broken,30,failover,79,false,20000,29,11229,1
first_return_broken,30,single,80,false,20000,12,5306,0
first_return_broken,30,failover,80,true,2660,25,9610,1
first_return_broken,30,single,81,false,20000,22,8787,1
first_return_broken,30,failover,81,false,20000,42,16474,1
first_return_broken,30,single,82,false,20000,18,7940,1
first_return_broken,30,failover,82,true,4560,37,15652,1
first_return_broken,30,single,83,false,20000,21,8152,1
first_return_broken,30,failover,83,false,20000,32,12030,1
first_return_broken,30,single,84,false,20000,20,7678,1
first_return_broken,30,failover,84,true,2360,34,13238,1
first_return_broken,30,single,85,false,20000,23,8971,1
first_return_broken,30,failover,85,true,1460,28,9776,1
first_return_broken,30,single,86,false,20000,22,8190,1
first_return_broken,30,failover,86,true,5860,42,15151,1
first_return_broken,30,single,87,false,20000,19,6970,1
first_return_broken,30,failover,87,true,1860,37,12840,1
first_return_broken,30,single,88,false,20000,17,6377,1
first_return_broken,30,failover,88,true,4560,36,14186,1
first_return_broken,30,single,89,false,20000,20,8194,1
first_return_broken,30,failover,89,true,960,24,8453,1
first_return_broken,30,single,90,false,20000,20,8170,1
first_return_broken,30,failover,90,true,2560,35,13640,1
first_return_broken,30,single,91,false,20000,13,5062,0
first_return_broken,30,failover,91,true,2360,31,12179,1
first_return_broken,30,single,92,false,20000,17,7248,1
first_return_broken,30,failover,92,true,1460,28,10193,1
first_return_broken,30,single,93,false,20000,26,9594,1
first_return_broken,30,failover,93,true,1160,34,11176,1
first_return_broken,30,single,94,false,20000,25,8806,1
first_return_broken,30,failover,94,true,2460,30,10319,1
first_return_broken,30,single,95,false,20000,21,8055,1
first_return_broken,30,failover,95,true,5060,39,14334,1
first_return_broken,30,single,96,false,20000,22,8094,1
first_return_broken,30,failover,96,true,2060,34,11634,1
first_return_broken,30,single,97,false,20000,18,6988,1
first_return_broken,30,failover,97,true,4660,38,13688,1
first_return_broken,30,single,98,false,20000,20,7936,1
first_return_broken,30,failover,98,true,1460,26,9869,1
first_return_broken,30,single,99,false,20000,21,8426,1
first_return_broken,30,failover,99,false,20000,29,11417,1
